user_id,login_time,logout_time,session_duration,file_upload_count,file_download_count,ip_change_count,failed_login_attempts,work_hours_consistency,label
user_4,10.096715139491813,16.91094276748145,6.81422762798964,0,10,1,0,0.8784477492674612,normal
user_43,11.430684664502905,18.672536434072967,7.24185176957006,0,14,1,9,0.7046643933857856,suspicious
user_16,12.538793162436228,13.621561538189408,1.0827683757531803,1,7,1,0,0.5990594813511856,normal
user_13,16.270235272225094,18.19230300980672,1.9220677375816297,3,9,1,0,0.7762933606438193,normal
user_6,12.071558397612378,14.606339484084302,2.5347810864719236,2,9,1,0,0.6219583571482461,normal
user_9,17.219528609437482,17.617154692461924,0.39762608302444136,1,9,1,0,0.6276150060217685,normal
user_7,14.951366682056923,15.959291848071,1.0079251660140764,0,13,1,0,0.8464806741245972,normal
user_9,10.35325280250484,15.579398867639384,5.226146065134544,5,11,5,0,0.7204492493731304,suspicious
user_10,16.37187093184309,17.54945742134169,1.177586489498598,0,13,1,10,0.9919898361007569,suspicious
user_15,8.027543590076606,14.65422053985888,6.626676949782275,0,11,1,0,0.9331995817653274,normal
user_48,16.58373334914145,23.145624603885825,6.561891254744373,1,4,0,0,0.18706569222975755,normal
user_45,16.726645354154357,0.7191074022092003,7.992462048054843,3,14,9,0,0.3433320012285814,suspicious
user_41,13.499503859586905,20.74833689697314,7.248833037386235,0,10,0,0,0.9415941470342309,normal
user_3,17.288664297815675,21.218268600539268,3.9296043027235923,1,15,0,0,0.7167924898033678,normal
user_7,12.901460130940496,15.270102890128648,2.3686427591881527,0,13,1,0,0.749422772325884,normal
user_44,15.803221587444764,16.16145956275477,0.3582379753100079,0,9,0,0,0.6655841185200886,normal
user_3,1.514254923557079,9.45462483108462,7.940369907527542,0,7,1,0,0.7451539809648307,suspicious
user_15,17.194377958095405,22.079631183179966,4.885253225084562,1,1,0,0,0.2355670818868826,normal
user_17,17.919155352116846,19.429325122096138,1.510169769979294,5,3,1,0,0.639291937180186,normal
user_6,12.620471345552954,3.358822184816436,14.738350839263482,0,4,1,9,0.9645247436130227,suspicious
user_7,11.522177502531306,16.69345603987309,5.1712785373417836,2,7,1,0,0.6876463013774131,normal
user_46,8.881775663704529,15.29296830947683,6.411192645772302,0,8,8,0,0.5228474629725929,suspicious
user_34,12.02913756267994,21.016973368730305,8.987835806050363,1,15,1,0,0.37142076536770424,normal
user_29,11.847080136776075,20.0764675324983,8.229387395722226,0,7,0,0,0.6909357908138092,normal
user_24,14.228154353607248,17.846063626487425,3.617909272880177,0,13,6,10,0.5596885021768001,suspicious
user_38,13.701608303895295,14.962690500907861,1.2610821970125654,6,8,0,0,0.5464985983509835,normal
user_4,15.948981729360774,18.65812334848007,2.709141619119297,2,12,1,0,0.697219457965374,normal
user_34,17.250471681072824,19.706503288246804,2.45603160717398,6,4,1,0,0.9397094009432982,normal
user_47,12.315578942245374,19.24266860308083,6.927089660835458,0,5,0,0,0.23720502701274582,normal
user_33,23.682022460802585,7.398137087754485,7.7161146269518985,19,59,7,0,0.5352783452998523,suspicious
user_31,11.14971653892685,17.338006424152823,6.188289885225973,0,11,1,0,0.6558235365521471,normal
user_9,14.334156955378859,23.283930696528863,8.949773741150004,12,193,1,0,0.6649039496061941,normal
user_38,11.275233085276621,15.411848604250785,4.136615518974164,3,7,1,0,0.649821295364936,normal
user_46,13.817895048100699,18.681934609347387,4.864039561246689,1,19,0,0,0.76751413344692,normal
user_32,0.7625590643033314,1.1905637979643542,0.42800473366102276,0,-1,1,0,0.6001432573477066,suspicious
user_45,15.76953810534916,22.09207385152145,6.322535746172292,0,9,1,0,0.98675586741989,normal
user_11,12.247920355931633,15.989393209979113,3.7414728540474806,1,9,0,0,0.9728584122304298,normal
user_5,11.623357950424,18.522734641788723,6.899376691364722,1,10,1,0,0.6722424386412531,normal
user_2,9.20580081854224,10.454770674156595,1.248969855614356,0,6,0,0,0.7145018108425012,normal
user_2,8.081131189507362,13.171577872109355,5.090446682601993,0,6,1,0,0.7274871709131646,normal
user_47,16.754933984644104,0.9205802658328786,8.165646281188774,0,4,1,0,0.5075098616049638,normal
user_14,11.135447446073623,11.300135071836594,0.1646876257629704,44,113,1,0,0.05430281824124879,suspicious
user_34,3.04009323396476,6.340813739904675,3.300720505939915,1,10,0,0,0.7014970580056333,suspicious
user_23,12.049368541662483,20.81968884415641,8.770320302493925,2,17,0,0,0.5659724347385998,normal
user_39,12.496986935653304,12.662030780462224,0.16504384480892031,1,11,1,0,0.846864752445361,normal
user_39,10.74219173903738,17.755601282182575,7.013409543145194,1,13,0,0,0.10419811497230667,normal
user_35,10.40626700570238,13.965478100300604,3.5592110945982247,0,7,0,8,0.8121299818143699,suspicious
user_7,23.370017410835953,5.5775589175312525,6.207541506695301,1,10,0,0,0.021832443990160447,suspicious
user_48,11.774581582049683,14.762266409089944,2.987684827040262,2,4,1,0,0.9203526217262117,normal
user_10,17.464466925029072,5.688766793294114,12.22429986826504,0,10,1,0,0.614880998084729,normal
user_17,16.157881474361645,19.502933823121534,3.3450523487598884,0,14,0,0,0.8563483305482504,normal
user_49,13.920109403846132,17.80903501794964,3.8889256141035062,3,16,1,0,0.7372608102558725,normal
user_37,10.893941013044195,14.56835341900164,3.6744124059574457,0,9,0,0,0.3146118919492808,normal
user_40,10.807225268482895,17.113928941867012,6.306703673384118,1,16,0,0,0.8081564115169528,normal
user_13,22.76412124836469,4.442205522186491,5.678084273821797,46,195,1,0,0.603897246735642,suspicious
user_24,17.32391270936535,22.78111736816994,5.457204658804593,7,13,1,0,0.5892134937208228,normal
user_32,11.667546389777302,19.967958616009447,8.300412226232144,0,6,1,0,0.6216424535139913,normal
user_19,12.990314010023269,20.937760353944803,7.947446343921534,1,-1,0,0,0.6201646144624144,normal
user_32,16.41826019969362,20.453202853147577,4.034942653453956,1,7,1,0,0.9719330504399677,normal
user_27,9.60209346312541,11.67038063153712,2.0682871684117092,2,10,0,0,0.9136337280631175,normal
user_40,13.736692740854235,17.116279955715672,3.3795872148614388,3,12,0,0,0.1515271993748901,normal
user_24,13.267508885468093,18.03863025620236,4.7711213707342655,0,15,1,0,0.6486057352736934,normal
user_9,16.53171953923611,19.151861254961048,2.620141715724939,0,11,1,0,0.5604619555202976,normal
user_11,15.639011739744172,15.912990618199021,0.2739788784548498,1,11,1,0,0.9439422680036568,normal
user_2,17.149757495833153,21.91238436854463,4.7626268727114764,0,8,1,8,0.8872471482479074,suspicious
user_22,12.08534455155937,17.730493206608866,5.645148655049497,3,11,1,0,0.8047194214898465,normal
user_47,10.345940190691191,12.65759532489105,2.3116551341998584,2,16,1,0,0.7320937073987933,normal
user_45,17.597488353251684,20.30496106034951,2.707472707097825,1,14,1,0,0.9076833169880955,normal
user_46,8.98886994577142,11.412717948132709,2.4238480023612885,4,6,0,0,0.6076940699786701,normal
user_26,4.539331882087581,9.677185993206999,5.137854111119418,1,12,0,0,0.8470520842823421,suspicious
user_31,16.396765662476714,22.12002096713775,5.723255304661037,3,6,0,0,0.6465005751835129,normal
user_18,17.704866348503387,20.391134041081507,2.68626769257812,0,8,0,0,0.7565357137694153,normal
user_6,17.74152360418679,19.316491142330193,1.5749675381434045,5,10,1,4,0.7305988724107513,normal
user_37,11.453145832013288,17.76174037802697,6.3085945460136825,0,12,1,0,0.5844937757854001,normal
user_16,16.041652213965172,0.588476866578155,8.546824652612983,1,14,0,0,0.6239427592995159,normal
user_15,15.79794545142253,20.527242542203357,4.729297090780827,0,11,1,0,0.5695613188435269,normal
user_26,17.270398951675602,18.77495640570809,1.5045574540324873,0,10,5,0,0.8098009500695289,suspicious
user_24,8.263158168882015,14.922693312750106,6.659535143868091,0,8,0,0,0.2500744933276314,normal
user_32,15.21144547201975,19.028587711843613,3.8171422398238644,0,5,0,0,0.9814136323223528,normal
user_9,14.120256128487712,21.182777210999475,7.062521082511761,2,8,1,0,0.6069403343122264,normal
user_9,10.426937284055413,17.534282643677752,7.10734535962234,0,12,1,0,0.7077147069338976,normal
user_29,10.520617299438028,12.979597529649752,2.458980230211724,3,10,1,0,0.6711152941347273,normal
user_37,15.47512939214854,23.648715924246844,8.173586532098302,0,22,1,0,0.9095556799417899,normal
user_14,15.898594290670204,22.396385278043926,6.497790987373723,0,11,0,0,0.8616437141318365,normal
user_45,15.921840995938947,18.18692946592991,2.265088469990965,2,21,1,0,0.9083923226471867,normal
user_28,17.527731498046123,0.16051068145162972,6.632779183405508,41,91,0,0,0.7165076080043391,suspicious
user_50,22.095060168221238,6.009542632396091,7.914482464174851,2,2,0,0,0.9480212615382502,suspicious
user_11,11.552413716809612,12.926833336914086,1.3744196201044732,2,11,1,5,0.687137501946099,normal
user_10,10.407916885730756,12.094729412076761,1.6868125263460048,0,19,1,0,0.770893675744684,normal
user_3,13.303421502559816,21.735039197153224,8.431617694593408,8,4,1,0,0.6562424021918529,normal
user_45,10.866697574184613,14.570207614956367,3.7035100407717527,0,1,0,0,0.8461329660040371,normal
user_31,15.077328796338078,21.727532438561898,6.650203642223819,2,6,0,0,0.5752923862885568,normal
user_24,13.923387360369022,15.47280344458045,1.549416084211428,1,9,0,0,0.09692222466762601,normal
user_39,14.213089652241397,19.447121091784922,5.234031439543527,3,6,0,0,0.3626444230205459,normal
user_50,13.033215210808162,19.79838771579414,6.765172504985976,0,16,1,0,0.6156462737172657,normal
user_5,15.86383193790207,18.48764899565387,2.6238170577518014,2,8,0,0,0.9485402797855438,normal
user_9,10.49534126395837,15.1645474065352,4.669206142576831,0,8,1,0,0.660120867761908,normal
user_50,9.763828159163745,17.796501682950577,8.03267352378683,0,1,1,0,0.8209395721512676,normal
user_4,9.892127197323424,18.142801442484355,8.250674245160933,1,10,0,0,0.8572227323699271,normal
user_49,9.42492359568906,18.04983879167286,8.624915195983803,2,14,0,0,0.6815499495736247,normal
user_48,8.340812055899178,15.162161770489133,6.821349714589955,35,71,0,0,0.5552152245181287,suspicious
user_14,12.603480829046262,15.15464657579382,2.5511657467475573,4,15,1,0,0.794194851336038,normal
user_19,8.324915625549579,9.758827233578035,1.433911608028457,2,11,0,0,0.5206108994151732,normal
user_11,14.107729930094727,2.2694635491342368,12.161733619039511,2,7,0,0,0.9002291570468672,normal
user_35,8.590706968343966,9.067462655022185,0.4767556866782191,2,11,1,7,0.5484800069145552,suspicious
user_20,15.464996425189394,22.667121181580892,7.202124756391498,1,9,3,0,0.5021277519402242,suspicious
user_39,1.3929901660033743,4.4568936351367725,3.0639034691333977,0,10,0,0,0.6851591304623661,suspicious
user_41,11.270557727000197,16.014046665072026,4.743488938071828,0,10,0,0,0.8028130621580646,normal
user_42,12.838878042880811,19.978928293872755,7.140050250991944,0,10,1,0,0.7770560630616961,normal
user_14,13.792538214294662,20.240272778597472,6.447734564302808,19,89,1,0,0.9746291974913053,suspicious
user_18,14.095482870775548,19.660935089338707,5.565452218563157,6,0,1,0,0.9003843956630719,normal
user_35,8.844093190446886,13.289452581157237,4.445359390710351,1,13,0,0,0.10668999977995482,normal
user_40,16.871577853317255,7.983289344594098,15.111711491276841,1,5,0,0,0.7383438295678828,normal
user_10,14.802024746894322,22.765662781755935,7.963638034861613,2,8,1,0,0.8719328615784459,normal
user_48,15.077042454640118,23.387879184797452,8.310836730157334,3,6,1,0,0.8948600534716009,normal
user_45,13.137617923221992,18.49580473344473,5.358186810222738,7,8,0,0,0.3368157824560525,normal
user_37,12.006861286617983,14.940598416670877,2.9337371300528945,1,2,1,0,0.6743890892550144,normal
user_29,14.919222556993223,19.00747942807725,4.088256871084027,0,12,1,0,0.7391049781525132,normal
user_3,8.20018177797634,12.167102954997652,3.9669211770213124,0,9,0,0,0.7009167554784839,normal
user_12,14.957387976286553,21.98641540630821,7.029027430021657,45,196,0,0,0.7275262946863906,suspicious
user_4,8.876782709243749,16.53047420682619,7.653691497582441,0,21,0,0,0.8806409230584933,normal
user_23,11.07986295690173,18.292700757978565,7.212837801076836,1,0,0,0,0.606838778102023,normal
user_49,13.31901943984091,13.419181634896013,0.10016219505510336,3,12,1,0,0.685970165051453,normal
user_6,13.098525024649172,13.27591954211703,0.17739451746785778,1,12,1,10,0.5012775286992573,suspicious
user_19,12.170534311129227,20.070978518295618,7.900444207166392,1,16,1,0,0.7373801613493554,normal
user_8,17.238615082195984,17.433065006101426,0.194449923905442,1,7,1,0,0.5608394999340509,normal
user_41,14.63305398622823,18.503401013466018,3.870347027237788,1,12,0,0,0.9140199550461039,normal
user_3,10.383122345238142,16.778129277079444,6.395006931841302,0,10,0,0,0.9938176919805832,normal
user_36,11.371417536820134,12.479544233127257,1.1081266963071226,0,10,1,4,0.6536612218933984,normal
user_46,13.138460247687698,18.714644642196657,5.576184394508958,0,5,0,0,0.7061544652971328,normal
user_12,11.539043615484804,19.24075154326693,7.701707927782126,2,15,0,0,0.5060622115552924,normal
user_46,22.83570980577688,6.556941838406626,7.721232032629747,5,7,1,0,0.5331413281684045,suspicious
user_8,11.416522870713132,17.094909059942278,5.678386189229147,2,11,1,0,0.7868639128786552,normal
user_23,13.836898900832397,18.623711987088768,4.786813086256373,0,6,1,0,0.8747694822209344,normal
user_33,12.298073825234287,4.255248895574034,15.957175070339746,2,17,0,0,0.6692629281813547,normal
user_36,14.578866086577086,16.018091227714702,1.4392251411376158,15,99,0,0,0.11085607525405844,normal
user_40,9.131744837154148,11.330673840666064,2.198929003511916,0,14,1,0,0.37715898367316525,normal
user_42,14.583795237673014,17.51040980885966,2.9266145711866454,2,16,0,0,0.5461566799266122,normal
user_11,9.843028631134834,11.58924809593855,1.7462194648037164,1,12,1,0,0.726544854687041,normal
user_13,0.3126148816471014,1.4352715952190125,1.122656713571911,1,11,0,0,0.7503720511563079,suspicious
user_32,23.990616418656987,3.739697018063712,3.7490805994067236,2,4,1,0,0.5430085464232283,suspicious
user_41,15.745961953464217,19.176337414907945,3.4303754614437274,0,7,1,0,0.9470173667910093,normal
user_36,10.364661471052097,13.400517807325908,3.0358563362738105,2,6,1,0,0.7451721406293963,normal
user_1,22.641931601256484,3.846634066496069,5.204702465239586,2,10,1,0,0.9583628375155444,suspicious
user_23,13.265203492698221,19.898984095557587,6.633780602859364,0,4,1,10,0.5883170973311947,suspicious
user_15,8.30399417290496,10.841458968932727,2.537464796027769,1,9,0,0,0.9133753169811093,normal
user_49,9.31086101399704,18.218458111777522,8.907597097780483,3,8,1,0,0.9772942582983257,normal
user_35,16.91234901763066,23.462111274471138,6.549762256840478,30,156,1,0,0.7026989438280977,suspicious
user_21,14.78066609261691,21.8562429398125,7.07557684719559,14,89,0,0,0.24547863497193592,normal
user_38,1.3661185398597135,2.7016875779863154,1.3355690381266019,2,0,0,0,0.7574411009358473,suspicious
user_37,17.560942871965572,20.001529285743658,2.440586413778086,1,16,1,0,0.6247089005575299,normal
user_19,16.534825501222812,19.89445030437892,3.359624803156109,1,14,1,0,0.644558505930863,normal
user_5,8.802751319803392,16.60414918530465,7.801397865501257,0,11,1,0,0.6799862976523741,normal
user_15,16.40657625016214,5.634247102002959,13.22767085184082,1,9,1,0,0.31032462121741217,normal
user_39,4.134593339955552,5.401844896938966,1.267251556983414,0,13,0,0,0.21242826348865199,suspicious
user_43,11.5421231897083,17.18848258091427,5.6463593912059675,0,-1,1,0,0.5131354443643388,normal
user_37,22.18725649394568,3.9548980188271656,5.767641524881486,3,3,1,0,0.7529407978809601,suspicious
user_46,12.146193053799541,19.446374330152203,7.300181276352663,2,4,1,0,0.7653297262356096,normal
user_14,13.760390932054303,13.902245710972288,0.14185477891798395,2,12,1,0,0.6812121664202755,normal
user_34,13.39765102833605,15.553984551548128,2.156333523212078,3,7,0,9,0.6434570790874752,suspicious
user_13,23.05156484232267,7.136421810356605,8.084856968033936,2,15,0,0,0.09820996443675134,suspicious
user_37,8.65076992171068,0.23327515278704425,15.582505231076363,0,13,1,6,0.700274636610617,suspicious
user_36,8.992172938672594,10.918127177449918,1.9259542387773232,4,14,1,0,0.9204617282696096,normal
user_47,11.177893580332,14.288066471282578,3.1101728909505777,1,8,5,0,0.627186170776233,suspicious
user_37,8.960616698848579,9.118734993769216,0.1581182949206381,0,2,1,5,0.3690266385606746,normal
user_23,8.530795309472325,15.439220790700151,6.908425481227828,0,8,1,0,0.652433805497256,normal
user_45,17.109405176082376,22.948920682817896,5.839515506735521,3,12,0,0,0.5539267840894411,normal
user_24,9.3601595227569,13.224588061987877,3.8644285392309765,5,13,3,0,0.9879087730437659,suspicious
user_9,8.625390868541958,16.412618951562656,7.787228083020699,45,80,1,0,0.9320689178497867,suspicious
user_25,16.958398208320524,0.046229702335057965,7.087831494014535,0,17,1,0,0.743556042715929,normal
user_8,10.966965321607447,19.881807676001547,8.9148423543941,1,11,0,0,0.020044059397487282,normal
user_28,15.609368798362528,16.039207194076816,0.42983839571428906,0,6,0,0,0.9730974466204216,normal
user_43,23.204081832510365,23.518799171624668,0.31471733911430444,2,11,0,7,0.7257940501389001,suspicious
user_10,22.037372675376197,23.563164333490885,1.525791658114687,8,15,1,0,0.5195568487222713,suspicious
user_48,16.9650019324885,20.845270880299367,3.8802689478108663,2,13,1,0,0.9699179884261353,normal
user_19,10.006414391426897,18.5841293932482,8.577715001821304,1,7,1,0,0.8788049602413779,normal
user_3,16.65289297473403,16.942275807803878,0.2893828330698488,1,4,0,0,0.5461186879075665,normal
user_26,10.89868452434423,16.35541710206516,5.4567325777209295,8,1,1,0,0.21420610334097942,normal
user_24,13.725893432047814,20.83719367229766,7.111300240249845,1,4,0,0,0.7845380231961391,normal
user_36,16.481865560590062,0.9787812743621487,8.496915713772086,0,7,1,0,0.6732672753975052,normal
user_36,15.405746878737919,22.380941907965358,6.975195029227441,2,11,0,0,0.5533516288205066,normal
user_50,15.394484787423265,22.323101237833953,6.92861645041069,1,13,1,0,0.6763342790039708,normal
user_29,11.000466915631286,14.276292132272857,3.2758252166415724,26,146,0,0,0.8891705799127974,suspicious
user_50,15.009008104551015,16.254464578976496,1.245456474425481,0,16,0,0,0.8429783015660017,normal
user_37,17.671731512700404,20.105185951333013,2.433454438632607,23,72,6,0,0.741724967794647,suspicious
user_7,11.663241898161054,20.264046956972873,8.600805058811819,0,21,0,9,0.9697554209962242,suspicious
user_10,9.91354697590082,10.03701381570595,0.12346683980513112,3,7,0,0,0.69789309245598,normal
user_24,14.953794346026118,21.90652451178361,6.9527301657574885,0,6,0,0,0.5514083730008195,normal
user_12,16.49347620424487,18.28424536642094,1.7907691621760682,0,3,0,0,0.7656049873356001,normal
user_25,11.644892385718375,19.819410747187398,8.174518361469024,2,10,1,0,0.8106593647969796,normal
user_29,16.846826874709638,0.4688176408974414,7.6219907661878015,0,14,0,0,0.8887155392557022,normal
user_30,17.42732086597845,20.063358939990913,2.636038074012461,1,20,0,0,0.6996173320509375,normal
user_22,14.564811759082238,20.08074464403039,5.515932884948151,1,7,0,0,0.8849578908460367,normal
user_9,17.675038596045916,23.849810204606865,6.17477160856095,3,5,1,0,0.7432438529490457,normal
user_22,8.81780648579835,12.26532195483901,3.4475154690406606,0,14,0,0,0.8282778718927367,normal
user_35,9.864317857899806,16.32012729661987,6.455809438720063,0,7,1,6,0.5601487783994904,suspicious
user_34,17.77405598437515,23.93119624585954,6.157140261484388,1,8,1,0,0.3945838515032366,normal
user_3,8.012303073742242,11.687297742773683,3.6749946690314426,1,0,1,0,0.781062987853461,normal
user_5,14.813603884540067,15.291442845027593,0.47783896048752694,2,-2,0,5,0.7966608389460039,normal
user_29,17.012033732199207,23.630085871849133,6.618052139649925,3,2,1,0,0.9675188000146174,normal
user_42,16.844924550010468,19.23343948670187,2.3885149366914,1,5,0,10,0.9562337685735185,suspicious
user_44,8.442318180956578,13.036473580803182,4.594155399846605,0,8,0,0,0.7326103041699614,normal
user_38,12.240477485547787,17.41198782830699,5.171510342759205,1,13,0,0,0.9304247297674028,normal
user_14,14.052436371350133,22.72969167559113,8.677255304240997,1,8,1,0,0.7990507566358672,normal
user_35,22.041826390456873,12.655678321252196,14.613851930795327,0,-4,1,0,0.6937812803384213,suspicious
user_6,17.15939230523188,21.305716696624994,4.146324391393115,1,11,0,0,0.547514912580662,normal
user_43,9.970477217196416,12.037904486642152,2.0674272694457345,0,17,0,0,0.7177862681668529,normal
user_12,11.685804587621455,19.86147489586628,8.175670308244825,2,8,1,0,0.6371928516338803,normal
user_3,15.900560868813038,23.18901352871562,7.288452659902582,1,9,9,0,0.20529215900101128,suspicious
user_23,12.084614662875598,2.2295738975485264,14.144959234672926,0,12,0,0,0.6041168414796441,normal
user_22,8.36937975574354,11.189968015086311,2.820588259342771,9,16,0,0,0.7416094804778379,normal
user_6,16.78722675574751,18.415401513554123,1.6281747578066117,0,2,1,0,0.711042730480092,normal
user_3,8.2268971121665,11.715740296207994,3.488843184041494,0,7,1,0,0.9141296826328297,normal
user_27,9.060976337175529,16.359222226283862,7.298245889108335,0,12,0,0,0.7119265332071673,normal
user_50,17.3323167737423,22.945696499004196,5.613379725261896,0,-2,0,4,0.5983391255829412,normal
user_14,12.46353098053364,18.761792173812367,6.298261193278726,0,3,0,0,0.5527381315430111,normal
user_32,22.73284693529219,2.5695941914314133,3.8367472561392244,27,159,1,0,0.6641799803692625,suspicious
user_25,15.885495243400348,23.796885347723464,7.911390104323117,2,19,1,0,0.9977048775760083,normal
user_5,11.580650291901799,13.668099017866659,2.087448725964859,7,9,0,0,0.7295101868695143,normal
user_27,9.748579184374563,15.81608874532974,6.067509560955177,4,12,0,0,0.6615385109639101,normal
user_42,22.369807755085894,4.448406171275725,6.0785984161898305,5,15,1,4,0.8130447519453579,suspicious
user_3,11.082761856271304,19.92772626885059,8.844964412579287,0,0,1,0,0.8558567973882758,normal
user_4,14.655319498517104,20.09103314650614,5.435713647989034,0,10,1,5,0.8575321708330936,normal
user_3,12.695482069661306,16.970309124667843,4.2748270550065355,5,11,4,0,0.9548710738496258,suspicious
user_18,11.674320858813907,18.68893986408276,7.014619005268853,0,12,0,0,0.705443762569738,normal
user_7,12.927291910486424,3.840692860684534,14.91340095019811,0,14,0,0,0.6279735560741493,normal
user_46,8.673001376921773,17.187400288359967,8.514398911438196,1,11,0,0,0.9490984705264911,normal
user_16,13.246257702653125,15.024620661252191,1.7783629585990663,3,7,0,4,0.5228827705826291,normal
user_6,14.381434101798629,17.931463139451353,3.5500290376527257,2,10,1,0,0.9023270690089015,normal
user_6,3.5758023474284055,5.383942123032391,1.8081397756039852,4,13,0,8,0.5420336398684845,suspicious
user_38,9.163928792509637,15.601708243625845,6.437779451116208,1,-4,1,0,0.8481672918126884,normal
user_16,14.083506209111974,15.456596150238592,1.3730899411266195,4,19,1,0,0.8886778714608965,normal
user_11,16.657022684089164,17.07898040246623,0.4219577183770665,0,15,1,0,0.652182333772674,normal
user_49,12.878640510858727,18.957761130148675,6.079120619289947,6,11,1,0,0.7359883996819765,normal
user_7,12.897542480452229,16.64270872531859,3.745166244866363,2,13,1,0,0.9484925937666913,normal
user_29,16.947655382851643,21.004327881318712,4.05667249846707,1,10,0,8,0.5395990913144669,suspicious
user_5,22.750679275472223,4.0920854772023105,5.341406201730086,0,4,0,7,0.6033937805601434,suspicious
user_37,12.70373502606103,16.16993152452679,3.466196498465756,42,84,0,0,0.884634361218408,suspicious
user_47,13.844432561090043,17.335779824894082,3.4913472638040375,0,14,0,0,0.9507230067936492,normal
user_46,14.065221574243903,16.531010975497995,2.465789401254092,2,15,1,6,0.5945002555021013,suspicious
user_45,14.568263287350579,15.758897307049754,1.190634019699174,0,16,5,0,0.5359225420297491,suspicious
user_25,17.59932043774878,23.51432078251092,5.915000344762141,1,11,1,0,0.8382373212752331,normal
user_6,16.985446675287797,1.1488376257592137,8.163390950471417,0,8,0,0,0.774177636438073,normal
user_32,12.515225804368884,19.284991802569685,6.7697659982008,4,7,1,0,0.015036014188313952,normal
user_1,15.04461658838692,18.07466128787817,3.030044699491248,0,6,1,7,0.6665369482551047,suspicious
user_3,17.923932421163414,20.345633280422174,2.4217008592587588,0,19,0,0,0.5536744147173756,normal
user_26,11.798772431275594,13.64734395750188,1.8485715262262854,2,12,1,4,0.646524502493584,normal
user_1,9.146032617344781,12.09145471635546,2.9454220990106803,7,1,0,0,0.7811346170418192,normal
user_48,16.453493807535136,22.218100443242466,5.764606635707331,1,8,1,0,0.6294727473951003,normal
user_39,16.57690194835373,20.983489832449443,4.406587884095712,0,9,0,0,0.8481653703214918,normal
user_34,15.94702734087943,0.2905092602916355,8.343481919412207,22,106,0,0,0.22217488492859513,suspicious
user_14,2.828400305773378,7.2578829528061135,4.429482647032735,2,15,0,0,0.5052728605532147,suspicious
user_17,13.809481014010094,19.670293361780978,5.860812347770882,0,14,1,0,0.7152232181823905,normal
user_9,15.7768902380848,7.509572218942004,15.732681980857205,49,89,0,0,0.7666820733920222,suspicious
user_50,9.48950133768148,15.723230740919973,6.233729403238494,0,4,1,0,0.12115755231175473,normal
user_18,11.512256147671298,13.648744264611885,2.136488116940586,3,4,1,0,0.815482351352921,normal
user_29,10.571853555808273,11.818280028963247,1.2464264731549752,0,8,0,7,0.7798209906841762,suspicious
user_45,10.782565560505779,14.966664875280502,4.184099314774723,0,11,1,10,0.7146569452238745,suspicious
user_40,9.636534143481658,18.27667527660143,8.640141133119771,0,2,0,0,0.7307008806860718,normal
user_37,13.05966298031797,17.14549552133598,4.085832541018011,15,17,1,0,0.5246286553821488,normal
user_35,13.065197040687417,5.045505535999517,15.980308495312098,1,9,0,0,0.6056136662757677,normal
user_16,15.231210495054446,22.121196382083298,6.8899858870288515,2,3,1,0,0.9175001690960363,normal
user_3,9.277217115663445,10.846667019038579,1.5694499033751335,0,14,0,0,0.7481618092670765,normal
user_16,13.920451321173523,20.40669379674842,6.4862424755748975,1,13,1,0,0.876095897362668,normal
user_12,14.754888064259669,15.002858537355998,0.24797047309632886,0,7,1,0,0.5120759305238543,normal
user_6,12.470484705131895,17.35626270521795,4.885778000086055,1,8,0,0,0.6958511579672866,normal
user_23,11.030088674066263,16.487929608254873,5.457840934188608,4,15,0,0,0.024823836929539447,normal
user_22,17.764755824725352,21.77236540785005,4.007609583124698,25,169,0,0,0.5859888825903781,suspicious
user_47,3.6867076812866264,11.965873124835095,8.27916544354847,3,18,0,0,0.9555234214554942,suspicious
user_37,8.913216241871218,17.289105881847853,8.375889639976632,5,10,1,0,0.6154919159339035,normal
user_49,13.917928486462833,18.03216635747105,4.114237871008218,3,4,1,9,0.9087609204596467,suspicious
user_25,11.99698592381606,18.322238471305184,6.325252547489123,0,11,0,0,0.9807633814128789,normal
user_34,15.740941542065697,0.15617372017432984,8.415232178108635,0,15,1,0,0.7531012198064964,normal
user_23,16.257543606811986,19.97464634195302,3.7171027351410313,0,8,1,0,0.501908313193391,normal
user_36,9.756213517690306,9.932683940466802,0.17647042277649586,2,6,0,0,0.8635341206129559,normal
user_29,8.073552280268132,15.202599193805263,7.12904691353713,0,11,0,0,0.9887165735155432,normal
user_41,0.2123336947342691,14.34736372611026,14.13503003137599,0,5,9,0,0.033892067980821276,suspicious
user_19,9.455777534690787,11.84084855788205,2.385071023191262,0,13,0,10,0.8701197145209894,suspicious
user_45,10.03892095043615,10.429512531013106,0.39059158057695686,0,8,1,0,0.9419891382916641,normal
user_1,17.985823232554175,19.87670849388401,1.890885261329836,1,4,0,0,0.8200157113577702,normal
user_50,16.30020404792933,0.6834968467047524,8.383292798775422,2,13,0,0,0.5784740154507715,normal
user_50,22.332106183239055,5.916087967359211,7.583981784120153,0,8,0,0,0.5790930223062749,suspicious
user_45,4.398073869800113,11.183315314472587,6.785241444672475,0,14,0,0,0.9389918207250643,suspicious
user_38,16.659036180403533,20.261089833618065,3.6020536532145346,1,2,1,0,0.6726433787902646,normal
user_12,12.49120352490729,3.8446854200831453,15.353481895175854,2,11,0,0,0.5270204483838231,normal
user_3,9.663797609707219,15.930432909847301,6.266635300140082,19,78,5,0,0.5532559989899402,suspicious
user_21,4.497870111914886,7.740287626300853,3.2424175143859673,1,23,0,0,0.686543835200797,suspicious
user_26,10.344221310679995,14.732920710365605,4.38869939968561,3,3,1,0,0.8508099163384826,normal
user_23,16.95374660861112,19.35496467404576,2.401218065434639,4,12,1,3,0.6837839283670684,normal
user_1,17.48652762488846,21.279172540049046,3.7926449151605865,2,9,1,0,0.8356636932809374,normal
user_2,9.226218674203263,12.694758962252493,3.468540288049229,3,7,1,5,0.8418140845800883,normal
user_34,12.336079574018864,17.655530805024533,5.31945123100567,2,12,0,0,0.7905883986993653,normal
user_15,11.935290061588649,19.73900813606676,7.8037180744781125,1,15,4,0,0.7980567689127269,suspicious
user_6,16.8789703726977,0.957254771168877,8.078284398471176,0,15,0,0,0.5871673523125266,normal
user_30,13.860997993068892,17.789670176734955,3.9286721836660634,1,9,1,0,0.5479690422855316,normal
user_3,22.53646106719692,6.815494684181651,8.27903361698473,10,50,0,0,0.333258513201888,suspicious
user_50,17.227521857313562,21.631030104820788,4.403508247507228,48,153,7,0,0.5833769896190142,suspicious
user_32,10.575692780547929,12.634586857548001,2.0588940770000717,1,9,1,0,0.8583677115607229,normal
user_13,14.883785861998778,23.034496984852485,8.150711122853707,0,11,0,0,0.6760748868525713,normal
user_24,12.890782747167563,19.291405878007964,6.4006231308404,4,7,1,0,0.7938897461667014,normal
user_21,13.09478128889825,18.712846943467603,5.618065654569351,1,10,1,0,0.9415553965837073,normal
user_28,15.280037198433948,17.16728424627793,1.8872470478439807,1,12,1,0,0.7331766051045937,normal
user_50,1.7773380753949768,4.75241518017413,2.975077104779153,4,13,0,8,0.5247935554660379,suspicious
user_38,10.825629796237154,13.756828957514465,2.931199161277311,0,8,0,0,0.6836858174884581,normal
user_10,14.847705362292615,22.190769841170685,7.343064478878068,0,13,0,0,0.8418652319628791,normal
user_44,9.726749654461303,14.758223151403312,5.031473496942009,1,19,1,0,0.690490147241664,normal
user_12,13.896826533626665,21.708775070206535,7.811948536579871,0,14,1,0,0.1311246493868659,normal
user_10,23.719471921308276,5.8238954959916,6.1044235746833255,0,8,1,0,0.9820539870129571,suspicious
user_33,17.226385955388306,22.855462451963156,5.629076496574851,1,25,1,0,0.6374768556521646,normal
user_44,14.535500904265502,22.89482328274708,8.359322378481577,0,9,0,0,0.6869003202179891,normal
user_31,11.299041624862706,15.714793239860022,4.415751614997315,1,9,1,0,0.7005103830946374,normal
user_10,22.130657104559212,7.098577156766293,8.96792005220708,0,9,1,0,0.36730441551818566,suspicious
user_48,9.272508729312008,17.142298479714167,7.86978975040216,0,5,10,0,0.5132382776635147,suspicious
user_26,15.75466674847048,17.79197935613158,2.0373126076611,1,9,0,0,0.7473954342455723,normal
user_6,17.74641213769972,22.378788131572907,4.632375993873187,3,13,3,0,0.8074891548448947,suspicious
user_45,12.434712681565216,17.31085896565163,4.8761462840864125,0,8,1,0,0.7677614678991427,normal
user_18,9.959413472390965,13.171264454111444,3.21185098172048,0,8,0,0,0.5862302983944807,normal
user_2,9.698273937056566,22.498538157497794,12.800264220441228,0,11,1,0,0.6134370308677677,normal
user_32,8.733520126125239,14.726706250554873,5.993186124429634,8,12,1,0,0.7401907337034093,normal
user_35,12.154966599594724,14.53022121064771,2.375254611052987,4,8,0,4,0.9287732513067047,normal
user_13,8.66669692348321,10.63938058225623,1.97268365877302,3,8,1,0,0.6246468687839479,normal
user_27,11.338119450854263,12.39197867130554,1.0538592204512778,1,16,1,9,0.8825987835051461,suspicious
user_10,10.423951644599038,13.47952858541366,3.055576940814624,1,10,0,0,0.5227076546178824,normal
user_34,16.76073604556383,20.38395707483037,3.6232210292665368,1,7,0,0,0.5754637950738756,normal
user_33,9.113599557055693,16.896398896726748,7.782799339671054,4,11,1,0,0.5858631520671397,normal
user_6,13.232853352626528,19.395962991647956,6.16310963902143,2,14,0,0,0.9414817338475896,normal
user_42,23.705340771356628,1.9612914432364015,2.2559506718797726,1,11,1,0,0.7326855297235915,suspicious
user_10,11.905163925859014,17.585719331930072,5.680555406071059,2,7,0,0,0.3457020552764469,normal
user_48,17.396615415076894,22.702637078242276,5.30602166316538,0,12,0,0,0.7526099779872076,normal
user_14,11.155601193702424,14.2879845340355,3.1323833403330763,7,2,1,0,0.8241697941348568,normal
user_27,8.713806676661074,15.899534449557958,7.185727772896883,1,8,1,0,0.8955171734906766,normal
user_46,10.842608377804103,14.986938604500434,4.14433022669633,0,7,0,0,0.7799706873680833,normal
user_50,23.598756844931327,8.284797275281285,8.686040430349959,1,9,1,0,0.8220538459476001,suspicious
user_18,2.3724148398751654,6.18660155921528,3.814186719340114,0,11,1,0,0.26695485193470664,suspicious
user_31,10.26435646733539,11.56602962327364,1.3016731559382508,9,5,0,0,0.5021473435568231,normal
user_27,12.824742098407182,18.03886361640387,5.214121517996689,0,7,1,0,0.11356126182376683,normal
user_44,12.168001321600453,18.92214016175926,6.754138840158804,4,10,1,0,0.7369142655844555,normal
user_24,13.332241067470182,2.6672113213549906,13.334970253884807,0,11,0,0,0.06041732175160397,normal
user_4,13.818952470161017,19.747594413933935,5.928641943772919,0,1,0,0,0.8770088713042914,normal
user_7,12.299061149519222,17.378882931480796,5.079821781961572,0,0,1,0,0.5982885691504581,normal
user_3,15.965333015535382,17.994913179952675,2.029580164417295,1,4,4,0,0.5378934830659421,suspicious
user_16,17.437806890551503,0.15668798072385925,6.718881090172358,45,113,0,0,0.7771023368878304,suspicious
user_46,17.484461064211263,0.6512479177824986,7.166786853571233,1,10,0,0,0.5617640532218593,normal
user_43,13.765685823231058,20.142402123502116,6.376716300271057,0,12,0,0,0.9645952550058969,normal
user_1,16.773366671502053,23.66943600908827,6.896069337586215,3,14,5,0,0.7572639097419912,suspicious
user_24,2.493278043494527,11.21132047148172,8.718042427987193,1,12,9,0,0.13385974722282198,suspicious
user_3,8.342019224203824,11.802509421911523,3.460490197707699,0,10,1,0,0.07652565529901732,normal
user_19,10.542705549972016,18.77248697115689,8.229781421184875,3,12,1,0,0.9793562317475122,normal
user_33,22.803083742405374,2.430254406717772,3.6271706643123984,3,11,1,0,0.2930915625365529,suspicious
user_33,13.160623648126158,21.419424401437844,8.258800753311684,13,155,0,0,0.9640076698098428,normal
user_28,17.440267673033446,1.7610402880456277,8.320772615012181,2,14,0,0,0.7940975398334118,normal
user_46,16.202206487710672,23.435572818005472,7.233366330294799,3,8,1,0,0.9046342654686688,normal
user_13,12.90633060912905,13.985111252903234,1.0787806437741834,0,17,1,0,0.8037211888875709,normal
user_8,10.26500344258682,13.253992772943015,2.988989330356195,37,198,1,0,0.789472825059192,suspicious
user_26,1.8914481289652625,3.7402689494603414,1.848820820495079,11,146,1,0,0.22615431346534992,suspicious
user_43,15.320640867294953,17.64323916805251,2.322598300757557,1,10,0,0,0.13073081882538756,normal
user_26,13.955752085982313,22.53325334084036,8.57750125485805,0,12,1,0,0.625419026722738,normal
user_39,13.788192065220258,16.984675355391424,3.196483290171166,6,14,1,0,0.5020134193870239,normal
user_46,11.978361442702234,13.46098529757645,1.4826238548742152,0,9,0,0,0.8016772522976192,normal
user_11,12.474973286542793,20.226024963045006,7.751051676502212,2,7,5,0,0.6296822794294237,suspicious
user_2,12.99172789234552,17.478122639357608,4.486394747012088,0,7,1,0,0.5808882947735947,normal
user_15,12.204969338219696,13.489089129102203,1.2841197908825066,1,6,0,3,0.7003800026236133,normal
user_33,8.071850580486402,22.575306932043784,14.503456351557382,0,14,1,0,0.5839233000409978,normal
user_3,8.989446155318705,12.88794224059103,3.898496085272325,42,108,1,0,0.7932280659096651,suspicious
user_42,10.132031613018567,11.877660967730709,1.7456293547121406,5,7,0,0,0.9647676207992654,normal
user_46,17.772611867019673,0.5538839461370699,6.781272079117396,2,3,1,0,0.7103655693259535,normal
user_2,11.52526027075657,12.950048096029331,1.4247878252727615,0,9,1,0,0.3264924355712835,normal
user_34,13.833323301837225,19.124115762858516,5.290792461021291,0,5,1,0,0.8224586190145815,normal
user_42,13.066676636329142,5.021518532339492,15.95484189601035,0,6,1,9,0.5507770333281823,suspicious
user_34,11.728006446552024,19.641541153235863,7.913534706683837,0,14,0,0,0.7070183249822779,normal
user_3,8.538366423450396,11.805865897633605,3.26749947418321,1,0,0,0,0.256015010877644,normal
user_45,11.4952837140752,19.385473360403378,7.890189646328177,0,2,0,0,0.6725138677993769,normal
user_21,22.91117179509781,0.9617450525728906,2.0505732574750795,0,11,1,0,0.7084662941253412,suspicious
user_24,12.583667371165138,21.292778778672176,8.709111407507038,1,7,0,0,0.9046587029542887,normal
user_10,17.110190330873856,18.204922467875438,1.0947321370015812,4,0,0,0,0.7052310811443374,normal
user_20,16.90407875918514,23.822806901516493,6.9187281423313545,0,15,1,0,0.8758964621045531,normal
user_44,9.487345710247636,16.22175348654963,6.7344077763019925,0,9,1,8,0.7847281454742685,suspicious
user_44,14.764248507759374,18.92482459008631,4.1605760823269335,0,11,0,0,0.6609789311649288,normal
user_37,16.096224984584726,19.894650463350054,3.798425478765326,3,8,0,0,0.6550809400698312,normal
user_38,14.976857833841734,17.738198845232624,2.7613410113908916,25,138,1,0,0.7805562550540337,suspicious
user_35,11.690231093784,15.675225856566861,3.9849947627828612,0,14,1,0,0.5076661046500536,normal
user_16,14.777320567020627,20.43115327757179,5.653832710551163,2,10,1,7,0.8076094373888609,suspicious
user_22,15.51284907282536,21.660841552305882,6.147992479480525,0,6,0,0,0.7793109494488896,normal
user_35,9.959474752430575,16.15431865974478,6.194843907314208,1,7,1,0,0.5430697637866158,normal
user_5,8.418263398417363,12.519392982082945,4.101129583665583,0,10,0,0,0.963457108101426,normal
user_21,13.674130171701837,14.69453205154899,1.0204018798471521,3,18,0,0,0.17091413265425662,normal
user_17,1.2343541151102007,9.301863622539273,8.067509507429072,1,7,0,7,0.6159419378245075,suspicious
user_25,9.416864830860362,14.870933603194889,5.4540687723345265,1,11,1,0,0.8285238159429567,normal
user_27,12.750132104776633,18.99410829204414,6.243976187267508,0,10,0,0,0.5580151049172151,normal
user_30,9.480702576568959,14.132750723893913,4.652048147324954,1,10,1,0,0.5716907351989579,normal
user_50,10.581822638968053,11.79026726583027,1.2084446268622173,2,18,1,0,0.9566191553717097,normal
user_25,13.834854523027033,19.524759304310024,5.6899047812829915,2,10,0,0,0.8445384384764039,normal
user_21,16.462814587164843,18.16205898790244,1.6992444007375962,0,8,0,0,0.5709671386059177,normal
user_5,15.02368812981989,21.967996940736388,6.944308810916498,0,11,1,0,0.8337126823684914,normal
user_37,17.425828351505707,23.449565732565873,6.0237373810601635,0,21,1,0,0.9021485530775046,normal
user_39,17.951449214204736,1.6510061275437593,7.699556913339023,4,10,0,0,0.7849950767593652,normal
user_35,13.929966987460318,22.219646451896903,8.289679464436585,0,8,0,0,0.7765699517042762,normal
user_44,4.389748076713951,12.473078943495992,8.083330866782042,27,91,1,0,0.5655082154523978,suspicious
user_1,17.4999517662462,1.1357482705925257,7.635796504346328,0,17,1,0,0.7162660117626187,normal
user_30,11.953501150750562,19.639950616273556,7.686449465522995,3,1,0,0,0.9981456543412376,normal
user_16,22.348749254874168,2.2040289105020854,3.8552796556279176,2,8,1,0,0.5181081854988523,suspicious
user_25,11.148557433000946,15.466915783564676,4.31835835056373,3,6,1,0,0.5233623162099559,normal
user_15,8.679996866253378,9.984257297001008,1.3042604307476315,3,16,0,0,0.9088834975744673,normal
user_44,8.701868440958336,10.628501304065987,1.9266328631076508,0,9,1,0,0.5668120110524151,normal
user_24,10.835389585081767,15.18786222476118,4.352472639679411,2,6,1,0,0.9426025889247068,normal
user_30,9.486539516530636,15.50792377676539,6.021384260234754,1,5,1,0,0.7756093167596403,normal
user_24,14.005878509095018,15.967518052397846,1.9616395433028284,25,107,0,0,0.9169417614923656,suspicious
user_24,13.262095906396773,16.70073677782286,3.438640871426088,0,6,0,0,0.9269185782902292,normal
user_27,15.029283278424074,16.945943067773335,1.9166597893492625,1,18,0,0,0.8992399638094875,normal
user_23,17.965798986031835,1.0074649363890842,7.041665950357249,2,11,0,0,0.5834991370985765,normal
user_13,16.766483249149033,1.1561641901659243,8.389680941016891,0,14,0,0,0.3159159105101226,normal
user_40,17.264482660252895,20.9875596468209,3.723076986568003,1,10,1,6,0.22157287330343545,suspicious
user_37,15.170627696603443,18.487009253111868,3.316381556508425,1,11,0,3,0.952683742085905,normal
user_21,11.542112591596096,13.924383301415798,2.382270709819702,1,7,1,0,0.8600355275194642,normal
user_48,13.126172950242971,19.052501285103066,5.926328334860094,3,9,1,0,0.8221403401118382,normal
user_9,10.30467262604188,0.9046145057243393,14.599941879682461,2,8,6,0,0.38322079409265,suspicious
user_13,12.98677439928096,21.06710936850685,8.080334969225886,0,12,0,0,0.8433469787897903,normal
user_14,8.196664396032578,17.11149651677669,8.914832120744112,2,9,1,0,0.8914673223624348,normal
user_44,13.938751028838924,20.893595271498537,6.954844242659614,4,11,1,0,0.5097458434462597,normal
user_22,14.918824893839666,17.43194009509179,2.5131152012521234,0,9,0,0,0.979699976982667,normal
user_46,15.469098784920494,17.816251418581757,2.3471526336612634,0,16,1,0,0.6098485014128223,normal
user_27,9.889639113277273,13.827612200209678,3.9379730869324066,0,7,0,0,0.0852422727079726,normal
user_34,9.163648752455083,15.601793435676033,6.43814468322095,5,6,0,0,0.6562573937085702,normal
user_36,15.466193617698167,20.245908577837927,4.77971496013976,45,51,0,0,0.7205247728154403,suspicious
user_18,10.201691482482474,15.348575547965114,5.14688406548264,3,16,0,0,0.662457641424427,normal
user_30,12.00762346318447,18.70320320727729,6.69557974409282,3,20,1,0,0.6618606623144838,normal
user_36,15.186177202763496,19.257953841814157,4.07177663905066,4,12,1,0,0.8826163730535805,normal
user_33,8.182995686970578,15.953019092388036,7.770023405417457,4,10,1,0,0.8448339095540476,normal
user_3,11.999752536213403,13.552990120341272,1.553237584127869,46,85,1,7,0.8235554251181898,suspicious
user_14,12.9469945681328,1.8372154785046106,12.890220910371813,4,14,0,0,0.8081314236757421,normal
user_45,2.462644639127927,9.920077117975529,7.457432478847601,0,10,0,0,0.8715397201315727,suspicious
user_10,8.19564302384299,13.420084644614892,5.224441620771902,4,10,0,0,0.9475671052146684,normal
user_3,13.94243727329526,18.235805572479315,4.293368299184054,23,166,1,0,0.9133374874857396,suspicious
user_6,15.451540091761993,18.559814742553975,3.1082746507919836,3,12,0,6,0.814389178567014,suspicious
user_36,12.120919102935003,21.082020194431053,8.961101091496047,0,7,1,0,0.007045581709112625,normal
user_19,9.580319546040355,14.932750349648892,5.352430803608536,0,14,0,0,0.9719415209088389,normal
user_31,15.25828156080297,20.399838284225638,5.141556723422665,0,8,1,0,0.921537248954168,normal
user_14,11.167918118123762,17.780405291847345,6.612487173723584,0,20,0,0,0.9394348873303403,normal
user_1,22.394097627983232,4.2240675473125116,5.829969919329279,0,11,0,0,0.8263873679491995,suspicious
user_13,10.924797336977463,11.033515580004346,0.10871824302688445,5,6,1,0,0.9200904209125195,normal
user_33,17.799759424413068,2.605684885968728,8.805925461555658,0,9,0,0,0.533567699341746,normal
user_13,0.052322405713773334,8.022638939480183,7.97031653376641,1,11,0,0,0.6995858109439927,suspicious
user_41,15.508686506708695,17.345417364338935,1.836730857630239,0,11,1,6,0.8028525673275915,suspicious
user_3,13.321702871106488,16.704447720513386,3.3827448494068992,0,18,1,9,0.6604664065467261,suspicious
user_1,8.922173799254754,17.061677149412134,8.139503350157378,0,9,1,0,0.6968456573334574,normal
user_13,15.23866740918041,0.23102267894921624,8.992355269768805,0,7,1,6,0.5300996782156923,suspicious
user_41,14.906261206509416,19.85325416855748,4.946992962048063,0,6,0,0,0.6380217049706363,normal
user_17,15.421264266913305,23.890469559888434,8.46920529297513,1,21,0,0,0.21524217567652504,normal
user_28,8.617902749101516,13.756463151929808,5.1385604028282925,1,3,0,0,0.27930660694304094,normal
user_43,13.428100040451902,21.667233028077806,8.239132987625904,0,7,1,0,0.7577748669370865,normal
user_44,9.247320793251319,11.475449931880034,2.2281291386287148,2,15,0,0,0.6569485553436438,normal
user_5,4.344209915622911,7.222318610438947,2.878108694816036,0,11,4,0,0.8503732686151635,suspicious
user_47,17.099068799628967,21.933252956242463,4.834184156613495,1,12,1,0,0.8386230672508814,normal
user_37,8.294644049178483,9.57054626619457,1.2759022170160872,0,0,0,0,0.9891755664698496,normal
user_35,16.723709731030624,19.223937972750512,2.5002282417198876,1,21,0,0,0.6025156157618823,normal
user_33,15.413189502348889,18.69690248471005,3.283712982361161,0,17,0,0,0.5799175376878792,normal
user_11,12.228207146358672,15.410734453404137,3.182527307045465,2,17,1,0,0.3662942743168453,normal
user_3,11.197369589918729,14.336046316846616,3.138676726927888,3,1,0,0,0.7105201391789703,normal
user_41,16.466751643046976,22.04064127255478,5.573889629507805,1,13,1,0,0.9839479637216983,normal
user_43,16.585479076736043,17.053550950774287,0.46807187403824513,2,15,1,8,0.825417460450632,suspicious
user_44,13.324962180379321,19.926934107806982,6.601971927427661,2,5,1,0,0.20981449067620317,normal
user_14,17.82978207493095,0.2226433567380468,6.392861281807095,3,16,1,0,0.6323553307337739,normal
user_9,10.543030559523995,15.416915567249958,4.873885007725964,2,7,0,0,0.7537648770024177,normal
user_36,13.0435168707799,17.57177001732233,4.528253146542431,0,9,1,0,0.9900428989236464,normal
user_49,8.064278738148193,14.441414932227008,6.377136194078815,3,-2,0,0,0.8703304126273113,normal
user_44,16.52533976387975,0.11354713516440995,7.588207371284662,3,13,9,0,0.8843403226531314,suspicious
user_48,11.555819721279253,13.962783270289135,2.406963549009882,1,5,1,0,0.8606110620717804,normal
user_10,15.753065888332575,23.232995079861116,7.479929191528542,0,8,0,0,0.7785652644109295,normal
user_26,0.1795606580242426,16.14682359821945,15.967262940195205,0,2,1,0,0.27220765877440684,suspicious
user_18,9.547407477427718,17.515912351925458,7.968504874497739,1,26,1,0,0.6860123700691024,normal
user_48,15.422139180181158,17.503801685094782,2.0816625049136226,3,4,0,0,0.9213749865861387,normal
user_44,14.752220924683659,15.935969967876368,1.1837490431927096,3,9,0,0,0.6070538602278059,normal
user_34,12.856615186995832,14.24144318739496,1.3848280003991285,2,8,1,0,0.5873255197315693,normal
user_16,11.001386582321423,15.354617643549574,4.35323106122815,1,3,0,0,0.9299978475946105,normal
user_42,9.046115584791776,21.205799079216874,12.159683494425096,39,116,1,0,0.30349800011971634,suspicious
user_15,12.90801273480945,19.477541163337026,6.569528428527576,0,2,1,0,0.8817684693346262,normal
user_14,13.945716635576943,16.118019717925446,2.1723030823485034,13,142,1,0,0.7548641232364158,normal
user_7,10.874102568526226,18.918834507054374,8.044731938528148,47,62,0,0,0.9101107755995824,suspicious
user_18,13.673822182993556,16.27655055606532,2.6027283730717645,3,17,1,0,0.5478168995450154,normal
user_45,11.489200870981183,15.072190847594445,3.582989976613262,25,134,0,0,0.7152392594821576,suspicious
user_12,10.933326489391934,19.218862775458575,8.28553628606664,40,73,1,0,0.8345312296228442,suspicious
user_9,17.6107015775111,21.786721585911927,4.176020008400828,0,6,1,0,0.8857480481355187,normal
user_15,13.31630134078655,19.451824175227244,6.135522834440695,3,9,0,0,0.8263285461615356,normal
user_42,16.795731975653688,18.113018563918722,1.3172865882650324,0,12,0,0,0.762983482301353,normal
user_39,11.039389674835629,13.696928879096514,2.6575392042608863,8,17,0,0,0.35333139363181826,normal
user_8,23.92177653535565,8.17798802445769,8.25621148910204,3,14,1,0,0.8523677268108277,suspicious
user_4,16.196752744794537,21.35341027992109,5.156657535126551,1,14,1,0,0.9456017461277667,normal
user_33,16.30428816099292,19.092669931455074,2.788381770462152,3,6,1,0,0.5254749432170702,normal
user_35,9.5655651389088,17.620090782708026,8.054525643799224,0,12,1,0,0.7028415381434387,normal
user_17,3.742223231471333,6.9013423720912135,3.1591191406198806,1,11,1,0,0.5355469380587324,suspicious
user_34,14.68276914267535,23.141929450423767,8.459160307748416,18,66,7,0,0.8556686169113745,suspicious
user_43,17.87731500846457,1.8674668301570776,7.990151821692506,0,12,0,0,0.708027297078131,normal
user_42,9.364978947168508,16.416785890339895,7.051806943171389,0,16,1,0,0.8326475179729054,normal
user_36,17.822360688779682,20.568581812147578,2.7462211233678975,0,11,1,0,0.514692946685771,normal
user_10,14.452051951980698,14.7156291374664,0.2635771854857034,0,12,0,0,0.9332588296013581,normal
user_12,10.084824876625188,13.700728961356813,3.615904084731624,0,6,0,0,0.2553789609693614,normal
user_34,13.163793436281656,21.063675650234245,7.89988221395259,0,7,1,0,0.6491942602326325,normal
user_13,11.501781293371144,15.582885184568445,4.081103891197301,1,13,0,0,0.5831352049048729,normal
user_34,1.0250324644247706,5.3504628837636705,4.3254304193388995,0,-1,0,0,0.5046441760533572,suspicious
user_34,10.555164419801855,11.799672948363991,1.2445085285621351,0,16,1,0,0.619553493117329,normal
user_39,9.84788134721963,15.170922615007544,5.323041267787914,1,11,0,0,0.06901081647754972,normal
user_1,1.154325689411838,2.71131365013457,1.556987960722732,4,14,1,0,0.8924169659219119,suspicious
user_1,16.567763091393545,19.272482725724974,2.704719634331428,0,5,0,0,0.7289310378756777,normal
user_41,12.156327017834617,19.371662408354783,7.215335390520167,0,13,0,0,0.881868326004603,normal
user_25,10.561322812492808,12.48814955965393,1.9268267471611225,0,8,1,0,0.793118115899011,normal
user_42,14.210823360234693,15.267684137581458,1.056860777346766,1,15,1,4,0.9144449155702898,normal
user_16,11.410008068650416,17.749392922626253,6.339384853975836,12,-1,1,0,0.6940911778699844,normal
user_18,14.369356842168319,17.247445768763004,2.8780889265946863,32,197,1,0,0.12096974907087477,suspicious
user_41,9.476179753275186,11.819046880909493,2.3428671276343067,0,15,0,0,0.5407841310447293,normal
user_7,2.994453609744446,9.35830302259303,6.363849412848585,10,121,1,0,0.7033829727435285,suspicious
user_38,15.928959875597176,21.832547589643454,5.90358771404628,23,182,7,0,0.9164355741756228,suspicious
user_3,2.020190213362287,9.508442268837555,7.488252055475268,1,5,1,0,0.7114775368673626,suspicious
user_15,9.673838165528649,12.967484499998669,3.2936463344700195,23,175,1,0,0.6341516823030882,suspicious
user_23,17.712281932092527,23.121561788131196,5.409279856038671,1,7,0,6,0.2473457468152189,suspicious
user_32,16.611334846592683,0.7443863977774825,8.1330515511848,8,12,1,0,0.7249738246769662,normal
user_24,17.003886075350007,18.256636633212338,1.2527505578623304,1,11,0,0,0.28723846936111397,normal
user_36,23.760638264777477,3.7923751702009163,4.031736905423439,1,7,1,0,0.8657716747462827,suspicious
user_44,15.347616963452957,19.867086984422066,4.519470020969107,5,0,0,0,0.5641378516497625,normal
user_16,10.286949477385729,12.903994296447149,2.6170448190614195,1,24,0,0,0.9194876180905656,normal
user_11,17.19576754885282,20.60162702801288,3.4058594791600614,0,7,1,3,0.9197746169337836,normal
user_36,22.550291074601088,1.506058754819108,2.955767680218022,3,2,1,0,0.8515582128816892,suspicious
user_17,14.02295878578455,19.772621942082473,5.749663156297923,0,15,1,0,0.7534148726492278,normal
user_47,16.19161657784292,4.38665823896984,12.195041661126918,4,6,1,0,0.6326130682831924,normal
user_38,15.72432723269198,4.862419064206964,13.138091831514984,1,20,0,0,0.6312006946769178,normal
user_38,14.187675645547625,17.21373063786675,3.026054992319125,0,5,0,0,0.7192126512100071,normal
user_31,10.925412228785595,12.341992147574281,1.4165799187886856,6,11,0,0,0.7389150917859106,normal
user_39,17.977572409175373,2.7959195599869133,8.81834715081154,0,10,0,0,0.5063927203551493,normal
user_35,17.290424872292476,1.7663060548999212,8.475881182607447,0,12,1,0,0.6300872204705193,normal
user_13,10.525038518471408,15.449856535490017,4.92481801701861,1,21,0,0,0.9479673256276686,normal
user_38,12.741782200554567,20.8058724461306,8.064090245576033,4,-2,0,0,0.5020692670650342,normal
user_45,9.806066484038094,13.733784310698638,3.927717826660544,0,9,1,0,0.8611253493008134,normal
user_8,2.4677641990635335,5.097617801823344,2.6298536027598107,3,15,1,0,0.0009959086935396489,suspicious
user_50,10.602187737250453,23.163736637776466,12.561548900526011,2,12,0,0,0.7023681085023215,normal
user_22,12.476760526946135,13.849657534121684,1.372897007175549,3,12,1,0,0.7240916687502585,normal
user_9,14.462087683295323,20.990598906482724,6.528511223187401,0,3,0,0,0.6242667474666191,normal
user_31,13.516309775595012,14.560525642099758,1.0442158665047456,0,12,1,0,0.7303182110454083,normal
user_42,8.90100162234526,12.73947673426578,3.83847511192052,1,4,1,0,0.783965477300718,normal
user_35,9.613147475083293,13.375899832613193,3.762752357529899,0,16,0,0,0.8988232927551766,normal
user_14,23.923938042647876,1.8049233118633836,1.8809852692155076,2,-2,1,0,0.7799327054858294,suspicious
user_30,16.869392725412876,21.72970270815947,4.860309982746593,5,-4,1,5,0.5040309950490064,normal
user_33,9.057291179837204,14.906640070463013,5.849348890625808,0,14,1,0,0.6617278554367976,normal
user_40,9.30503562506789,17.087461665216708,7.7824260401488194,1,17,1,0,0.9833203028478329,normal
user_1,22.117424817194358,4.40346937411147,6.286044556917111,4,7,0,0,0.813398090015835,suspicious
user_2,8.483486096619618,15.087657018770258,6.604170922150639,17,194,0,0,0.7970955317128732,suspicious
user_19,12.848464405406858,14.062676358801344,1.2142119533944866,3,14,1,0,0.22377832024760452,normal
user_5,15.455620272523353,18.31281164454903,2.857191372025677,0,18,0,0,0.9826394653608099,normal
user_18,17.66622691114,0.2553762908435182,6.5891493797035166,0,6,1,0,0.7840463608511401,normal
user_48,8.846307855728565,16.592404588217136,7.746096732488573,2,10,0,0,0.2562751712128741,normal
user_32,15.38176183684148,22.59935942030112,7.217597583459639,4,10,1,0,0.8304687652868761,normal
user_35,10.954721367664987,19.11569362666629,8.160972259001301,2,14,1,0,0.8223645371381256,normal
user_6,22.399657208871776,5.553873750553219,7.154216541681442,7,6,1,0,0.9057183599460406,suspicious
user_5,17.281223758106123,21.364602260712154,4.083378502606031,1,10,8,0,0.9975938134364787,suspicious
user_12,8.237838520505731,14.43843787417859,6.200599353672859,32,129,0,0,0.8296394647461722,suspicious
user_20,12.817104248980609,13.996407652426786,1.1793034034461778,1,6,1,0,0.5288522952936283,normal
user_26,17.059248531756246,22.01557368667155,4.956325154915306,1,11,1,6,0.8437529135620342,suspicious
user_22,8.94529375897687,13.845564595643646,4.900270836666776,2,4,0,0,0.516886407061518,normal
user_11,8.354558441333001,17.04952066409936,8.69496222276636,1,8,0,0,0.9605773207462315,normal
user_35,14.431547964416383,16.71878276033049,2.2872347959141095,0,8,0,0,0.783395523095991,normal
user_32,17.187944849657512,21.846651844292793,4.658706994635283,0,11,1,0,0.2709622815080051,normal
user_39,15.730145385700004,23.874736748576865,8.144591362876863,1,-3,0,0,0.823209097767848,normal
user_28,8.609385322415939,14.192909421944803,5.583524099528864,0,12,1,9,0.9285417256426212,suspicious
user_22,17.172192654576136,19.86241686252858,2.6902242079524425,0,11,1,0,0.8842783549331961,normal
user_14,13.759860577817092,22.163330482553466,8.403469904736374,0,2,0,0,0.6551449135539027,normal
user_49,14.963430007185636,18.35709123139582,3.3936612242101836,3,9,0,0,0.5844293155168252,normal
user_33,16.933908883633357,17.246218766556677,0.3123098829233176,2,0,0,0,0.9079026832112712,normal
user_14,13.49714156795483,20.90303057625006,7.4058890082952304,0,9,1,0,0.6010713590445005,normal
user_27,8.136971717213406,10.07860493892412,1.9416332217107142,1,14,1,0,0.5022205386046384,normal
user_34,14.23825374763371,16.681257176152528,2.4430034285188187,28,116,1,3,0.8460107539936476,suspicious
user_50,12.245499054907924,19.639724828344445,7.394225773436521,0,9,1,0,0.6905511352290172,normal
user_24,17.535815979812885,1.5317183714888607,7.995902391675976,1,15,0,0,0.6527288575206478,normal
user_33,13.072584096019309,18.22087825298741,5.148294156968101,7,15,0,0,0.7544958193321837,normal
user_31,13.722927225292452,20.207449952260614,6.484522726968162,4,15,1,0,0.6852312673168206,normal
user_12,23.92315673102103,8.294489063307665,8.371332332286638,0,8,0,0,0.7815375017802346,suspicious
user_45,11.486019574042125,13.200043629603435,1.7140240555613104,16,175,1,0,0.53736221335137,suspicious
user_50,16.52117660575908,6.91270461358225,14.39152800782317,1,9,1,4,0.7333227465521854,normal
user_38,10.147810241868468,15.066591573794916,4.918781331926447,0,16,0,0,0.5098026063564447,normal
user_18,17.570769707963652,2.2012631725681544,8.630493464604504,4,7,1,0,0.6432572477741911,normal
user_12,13.047014902968005,21.467455104649325,8.42044020168132,1,5,1,0,0.14675728673776908,normal
user_21,9.062250334223231,10.369810205759364,1.3075598715361334,0,8,1,0,0.04178747734189612,normal
user_25,8.120066782042446,15.810618543191378,7.6905517611489325,0,9,1,0,0.7252087921112199,normal
user_22,10.416196829026422,14.278522210838233,3.862325381811811,0,9,0,0,0.7911340353057138,normal
user_5,14.854832120491796,16.75134846370609,1.8965163432142935,0,12,1,0,0.6594403197910774,normal
user_12,8.178086335287894,13.660772569335258,5.482686234047364,16,108,0,0,0.6459728013247326,suspicious
user_2,2.894867684828423,7.677425061645577,4.782557376817154,2,10,1,0,0.5412578134761964,suspicious
user_33,23.9025403679723,5.716547440301845,5.814007072329544,4,10,0,0,0.7849667034162808,suspicious
user_39,13.728354486569538,17.763077103051522,4.034722616481983,1,11,9,0,0.973386035071097,suspicious
user_18,17.68609608828853,19.69906169616231,2.012965607873779,27,107,0,9,0.5431424720065327,suspicious
user_16,11.264425448086383,18.68465461863792,7.42022917055154,48,170,0,0,0.9019690177186745,suspicious
user_46,12.948781201279935,18.497743428395648,5.5489622271157115,2,7,1,0,0.9828749157298236,normal
user_7,0.5909316131915815,4.732425387729571,4.14149377453799,0,7,1,0,0.9666702426403466,suspicious
user_23,11.7747773159689,19.278899559323232,7.504122243354334,49,70,0,7,0.8231447048731877,suspicious
user_18,14.676045434258354,19.070842551681267,4.394797117422914,9,7,0,0,0.5768085073250109,normal
user_48,13.06875432987308,22.029846840002442,8.961092510129363,0,6,1,0,0.5192267424454778,normal
user_17,8.482325037904385,14.284239755578945,5.801914717674561,0,6,1,0,0.9144437942207937,normal
user_8,11.159348272051997,11.463131116751697,0.30378284469970024,0,11,3,0,0.9852008557415958,suspicious
user_28,8.15799751800052,8.286066845374465,0.1280693273739451,31,154,1,0,0.6167281403822841,suspicious
user_14,8.466117407246754,16.604662683419825,8.138545276173069,0,17,0,0,0.5710258806138568,normal
user_19,9.377277945395527,13.964193345489996,4.58691540009447,3,9,0,0,0.7326269806081096,normal
user_44,10.589250689192658,15.14163510737344,4.552384418180782,1,-4,0,0,0.5353229517907239,normal
user_42,12.463102762587702,12.772456326868467,0.3093535642807637,43,129,0,8,0.9197403479276601,suspicious
user_9,22.474452767775578,5.587241181299401,7.112788413523822,0,13,1,0,0.6562443886591024,suspicious
user_24,12.036740785598289,15.529406579800622,3.492665794202333,0,11,0,0,0.9123039997412861,normal
user_49,16.151073451437284,19.775377055622773,3.6243036041854877,3,3,1,0,0.026952164014384918,normal
user_32,11.70705058115534,0.5639513787057382,12.8569007975504,0,4,0,0,0.6487818968038885,normal
user_35,11.016331836030037,11.304146785938478,0.28781494990844037,8,10,9,0,0.8023029635063712,suspicious
user_1,9.15663092287763,10.948334906928679,1.7917039840510487,0,0,1,0,0.5174920831953306,normal
user_15,15.767296917697667,18.82232245228271,3.0550255345850426,0,18,1,8,0.9361956421891513,suspicious
user_47,10.063401711844879,13.052045322683085,2.9886436108382073,2,23,1,0,0.6771746545034236,normal
user_24,11.13231486392404,14.38409500790251,3.2517801439784693,0,2,0,0,0.6083056479765501,normal
user_31,13.32919880575214,16.554643781038305,3.2254449752861634,0,13,4,0,0.8023788191298854,suspicious
user_39,13.431939111089404,20.17182054789885,6.739881436809446,0,6,0,0,0.6747066166217605,normal
user_5,2.7254024812880138,8.673658611784763,5.948256130496748,12,178,1,0,0.7998785836748504,suspicious
user_39,16.48990986020793,20.705310374077122,4.215400513869191,2,13,0,0,0.8349736972454154,normal
user_27,8.01492652897053,16.07560771295035,8.06068118397982,2,7,0,0,0.7184988601630141,normal
user_13,17.134114505951615,8.80246703572805,15.668352529776435,1,11,1,0,0.3411866399000126,normal
user_15,10.836739405884586,17.748442764085556,6.911703358200971,0,8,1,0,0.6097221233291537,normal
user_10,15.269220011842485,16.964574159353166,1.695354147510681,0,9,0,0,0.6910459861105338,normal
user_32,12.123067389053077,16.300352485046684,4.177285095993607,4,7,1,4,0.5493495397357391,normal
user_35,14.911068986377163,17.099912917096958,2.188843930719793,0,10,4,10,0.6098523579966614,suspicious
user_10,13.706066074492178,18.11184506439399,4.405778989901812,1,14,0,0,0.18171391795365605,normal
user_35,15.500138757438844,16.810941157201285,1.3108023997624425,0,8,0,0,0.9016548314525046,normal
user_7,14.757097998837207,21.081581703273216,6.324483704436007,2,4,0,0,0.5109211015192046,normal
user_38,13.267945853568689,19.588204707649165,6.320258854080476,7,4,0,0,0.7648510459560584,normal
user_25,12.20292749610532,18.71227443029091,6.509346934185592,0,11,0,0,0.18570844005058407,normal
user_15,16.978783187803288,21.316425722264114,4.337642534460828,0,2,0,0,0.6836068068057045,normal
user_12,17.700016208664593,21.48252453476076,3.782508326096168,1,8,1,0,0.3094529376528496,normal
user_47,10.408271449720393,13.670467019138753,3.2621955694183598,0,5,0,4,0.5871772840440477,normal
user_41,11.779531803827267,15.072286039405675,3.2927542355784087,4,12,0,0,0.9292026050956763,normal
user_40,9.735155970691014,11.222972430882395,1.4878164601913806,16,65,0,0,0.284982594879489,suspicious
user_16,9.847419099033536,17.212464743585556,7.365045644552021,0,12,0,0,0.7008477261883724,normal
user_9,16.334872625613013,20.071359601272697,3.736486975659683,1,6,1,0,0.824089167600969,normal
user_25,9.665358461047456,11.51919941292638,1.853840951878925,31,197,0,0,0.8197708392772245,suspicious
user_37,17.588029753481585,22.6880216323026,5.099991878821016,0,10,1,0,0.7247862001444645,normal
user_50,10.28867217516744,23.78777157051509,13.49909939534765,2,7,1,0,0.9215364507135642,normal
user_10,9.926700715009472,12.282425786373018,2.355725071363545,0,17,1,0,0.6630056457355893,normal
user_32,8.408437094894419,16.787595558321,8.379158463426581,1,9,0,0,0.541737272395556,normal
user_11,11.811396844417182,3.747791203048248,15.936394358631066,1,6,1,0,0.936528197894715,normal
user_10,16.84202436158734,22.015180338528403,5.17315597694106,1,-2,10,0,0.6657330579599894,suspicious
user_23,12.397426910699384,15.30002236591092,2.902595455211535,3,10,1,0,0.6321700427419676,normal
user_45,8.356914586342652,11.824810243052827,3.4678956567101737,0,14,0,10,0.1345542489933734,suspicious
user_6,11.857977284864262,13.201992079024755,1.3440147941604943,0,12,1,0,0.9743091429314095,normal
user_37,8.966730182655152,11.116236760991868,2.149506578336716,1,6,1,0,0.33859635297415697,normal
user_30,16.234424680432802,22.720021225528413,6.485596545095612,0,19,1,0,0.6520310483721303,normal
user_49,12.065727316974703,17.012478152688455,4.946750835713751,8,9,1,8,0.6638480988739144,suspicious
user_9,23.399302706797652,7.439075995652416,8.039773288854766,14,140,1,0,0.9086695870660069,suspicious
user_21,12.451826373824295,18.10962378536392,5.657797411539625,37,115,0,0,0.740182050243471,suspicious
user_19,13.306065070624504,19.69505644263782,6.388991372013317,3,13,1,6,0.7295335660151585,suspicious
user_30,12.9309538342,19.752963353566454,6.8220095193664525,0,9,0,0,0.19852198935494833,normal
user_4,9.954552293413906,10.395795571415446,0.4412432780015403,3,9,0,8,0.5005766831199401,suspicious
user_41,13.341005536091998,13.828625336591895,0.4876198004998956,1,13,1,8,0.8570639126032513,suspicious
user_35,11.681894532684307,17.43295092643929,5.751056393754982,1,18,1,0,0.6644094548220962,normal
user_8,9.113056591969082,12.31420657701137,3.2011499850422886,0,9,1,0,0.5367111332216365,normal
user_21,13.931248271486217,15.311333451430079,1.3800851799438618,1,11,1,0,0.9617973003532402,normal
user_4,15.133832965194207,20.35537084435619,5.221537879161985,0,19,1,0,0.5864397161108448,normal
user_8,11.915795682857812,15.10797094866159,3.192175265803778,23,101,1,0,0.5317278076308013,suspicious
user_19,14.653617556186225,22.428976291247437,7.775358735061212,0,8,1,0,0.6607696391539233,normal
user_38,9.235037673244952,12.285719299084615,3.0506816258396645,17,112,1,0,0.8522914239970294,suspicious
user_24,16.378967151880474,23.170599982929016,6.791632831048542,3,2,1,0,0.8700237115763669,normal
user_23,11.491881792975295,13.930826151037815,2.4389443580625194,27,100,0,0,0.5958059430298388,suspicious
user_45,16.33779680560456,22.762870429151263,6.425073623546703,0,-2,1,0,0.6017362952878387,normal
user_41,13.780214584746115,16.549116589827676,2.76890200508156,1,11,0,6,0.6631759826914748,suspicious
user_39,15.359872197736761,23.009830034263846,7.649957836527084,3,-1,1,0,0.5612862665597413,normal
user_43,23.386717374923307,5.066191029303823,5.679473654380515,0,5,0,0,0.5511827484831503,suspicious
user_1,13.795427090377292,17.124319636520013,3.328892546142722,0,4,0,0,0.8438714307539705,normal
user_17,10.965656428643536,18.499096716581928,7.533440287938392,1,15,1,0,0.8142731227141418,normal
user_22,17.42106187799525,19.695405335561688,2.27434345756644,41,151,0,0,0.7790354963828197,suspicious
user_8,22.56140842488786,4.87318375973998,6.31177533485212,7,14,1,0,0.7908601004055928,suspicious
user_30,12.419774934049954,14.804715607816965,2.3849406737670105,0,15,1,0,0.8581650477619334,normal
user_5,14.743328042539153,21.24631717037756,6.502989127838404,0,8,1,0,0.5294782315087817,normal
user_19,17.341172661624658,22.406426298408853,5.065253636784195,1,2,1,0,0.5861503513797206,normal
user_32,8.57059192814895,10.813392389368188,2.242800461219238,1,6,0,0,0.824070275353215,normal
user_31,17.20577221388514,0.4590559939135943,7.253283780028454,0,10,1,0,0.19520686079188432,normal
user_2,11.244668365108314,13.99564311705248,2.750974751944166,3,3,0,0,0.882753225275302,normal
user_6,15.503541989348465,23.630145455737555,8.126603466389092,0,2,1,0,0.6489276303334175,normal
user_50,17.213852482892932,23.92654194756449,6.712689464671559,0,10,1,0,0.7318946980482723,normal
user_3,0.6250892193245328,3.21804071473969,2.592951495415157,0,8,0,0,0.653496461872935,suspicious
user_30,13.983892079168644,18.644785375368798,4.660893296200156,2,12,1,3,0.13619754843417017,normal
user_8,10.215467694827414,17.39926494906957,7.183797254242155,0,12,0,0,0.7745476379610384,normal
user_25,17.00938797529342,1.3092460434224513,8.29985806812903,2,10,1,0,0.9176947312141758,normal
user_17,10.798355967837765,12.135880260648184,1.3375242928104196,2,6,9,0,0.5230121845850143,suspicious
user_39,8.053207967942047,13.507785328069392,5.454577360127344,4,11,0,0,0.6686295898461949,normal
user_34,10.791810937361385,12.927319368310883,2.135508430949497,2,17,0,0,0.6200464888824575,normal
user_46,13.10433473933736,2.782772943770624,13.678438204433265,6,2,1,0,0.5733956576131426,normal
user_40,9.949641339630608,18.110592274699144,8.160950935068534,0,8,1,0,0.6036920604184488,normal
user_26,15.725951381518813,20.631724454655085,4.90577307313627,2,3,0,3,0.864002427581083,normal
user_8,14.099143421085266,19.361937399689587,5.262793978604321,4,11,0,0,0.9199673067841028,normal
user_32,11.285046580887538,18.977163547929443,7.692116967041904,0,12,0,0,0.8529581278884367,normal
user_29,16.633580932114175,18.87513054947255,2.241549617358375,15,73,0,0,0.6341886246911919,normal
user_43,15.966139819705916,23.957864291237758,7.991724471531843,15,85,0,0,0.7111362359071279,normal
user_50,17.17473874623996,18.66381599610085,1.489077249860892,8,8,1,0,0.7403931595486475,normal
user_27,16.399177963301817,0.74580964698157,8.346631683679751,2,7,0,0,0.5752330139091152,normal
user_8,13.378541575519318,17.083493329883925,3.7049517543646076,0,10,0,0,0.8995289888980074,normal
user_43,16.47650612374197,0.6489288480676976,8.172422724325727,0,10,0,0,0.6988074021118704,normal
user_20,14.252813430298065,16.29191948963831,2.039106059340246,1,3,0,0,0.8652596297089414,normal
user_2,11.883152371401014,19.109455512935646,7.226303141534633,32,148,0,0,0.0597303249817378,suspicious
user_27,15.094881256478876,17.768914982823475,2.6740337263445992,14,138,1,0,0.6111854728413451,normal
user_15,16.098659771669467,0.15015420008599278,8.051494428416527,1,9,1,0,0.6816188377468781,normal
user_22,13.10933773615709,21.45309427407397,8.343756537916878,2,13,1,0,0.7255402668550046,normal
user_5,10.864496881104856,14.231604726989119,3.367107845884262,0,19,5,0,0.9845914350588423,suspicious
user_8,16.76296701729372,18.135523984357,1.3725569670632778,1,14,0,0,0.5128470288720655,normal
user_16,3.270762262987362,5.416348562095068,2.1455862991077064,0,-2,0,0,0.9179326076547317,suspicious
user_15,15.027697695893265,17.173223099546473,2.145525403653208,0,9,5,0,0.9319439693373666,suspicious
user_32,16.4317290379392,23.357024628590075,6.925295590650877,26,131,0,0,0.686270276782851,suspicious
user_7,10.912392486687729,19.549628742129496,8.637236255441767,0,7,1,0,0.9626976855386905,normal
user_16,8.99114624632708,12.299707375912552,3.308561129585472,5,11,1,0,0.8829765265091155,normal
user_41,10.743483884901522,19.21367732947494,8.470193444573418,1,8,1,0,0.0845576976213033,normal
user_34,11.668748467148816,18.905486152265496,7.236737685116679,3,8,1,0,0.778676674427254,normal
user_32,12.661703820202222,17.648682990855654,4.986979170653433,27,66,0,6,0.7965079261263672,suspicious
user_19,17.934904386992134,19.181176957612585,1.2462725706204534,6,0,1,0,0.71944445642607,normal
user_11,15.90965477081813,23.642299935600683,7.732645164782551,3,15,1,0,0.2746803101085987,normal
user_23,11.623125030652941,17.83311440789054,6.2099893772376,0,12,1,0,0.9555159600087856,normal
user_44,11.186565537731147,14.840602494020015,3.6540369562888673,0,9,1,0,0.5449102676028994,normal
user_9,15.293856722933434,19.78894675967474,4.495090036741307,1,-1,0,0,0.9888196980394852,normal
user_47,14.784661678704497,23.488217804297243,8.703556125592748,2,9,1,0,0.5153459759113446,normal
user_2,13.253643328701507,16.80094184118548,3.547298512483972,0,11,1,0,0.6975455083881932,normal
user_23,15.191250414264303,18.38521509851622,3.193964684251916,0,8,0,0,0.9305977623319549,normal
user_1,17.121333935829345,22.79928626699032,5.6779523311609745,0,8,0,0,0.6057536154536463,normal
user_5,9.728181154879639,12.459796543185629,2.7316153883059897,23,143,0,0,0.6458107060977298,suspicious
user_1,13.720464049764555,13.991467785252116,0.2710037354875608,3,6,0,0,0.622221058568379,normal
user_39,14.809112478796644,23.694498129844682,8.88538565104804,3,13,0,0,0.7349181829701131,normal
user_41,12.031117841543256,16.640415237456878,4.609297395913621,0,24,0,0,0.24406453958494267,normal
user_25,15.569836606755114,22.13387992276133,6.564043316006217,21,92,1,0,0.6931769796456552,suspicious
user_15,17.443488955542875,22.661701551492115,5.218212595949241,0,13,0,0,0.675130345263007,normal
user_28,15.39433530592626,22.950372842346685,7.556037536420425,1,13,0,0,0.36678446196296866,normal
user_35,16.62270819865767,22.835535398824987,6.212827200167318,3,9,0,0,0.883412755397242,normal
user_11,17.99788807950589,21.810966277950282,3.8130781984443907,4,6,0,0,0.8913813800458107,normal
user_12,23.27438230647696,0.3117524195066892,1.0373701130297306,0,8,1,0,0.5864096650149486,suspicious
user_12,16.931138655226704,0.6284101509883158,7.697271495761612,4,20,1,0,0.5035344757883822,normal
user_7,9.596574376877577,11.662843431282411,2.0662690544048345,0,12,0,0,0.9747094570407562,normal
user_21,9.40725889207961,15.726465497862153,6.319206605782542,2,11,0,0,0.8670171253524369,normal
user_31,8.922778762389969,22.991557528086467,14.0687787656965,10,113,1,0,0.7020630619238153,normal
user_22,16.77136788829359,21.840989160988084,5.069621272694493,0,12,0,0,0.7021798855264036,normal
user_5,8.322450683346835,13.100672381894906,4.77822169854807,4,13,1,0,0.9604545727402294,normal
user_36,17.25619351352045,22.455143338977685,5.198949825457233,11,182,0,0,0.837083706086027,normal
user_26,12.76286920442572,18.08888043199491,5.326011227569189,26,119,1,0,0.15808259547331935,suspicious
user_47,10.282767514994115,14.363011608347476,4.080244093353361,1,17,0,0,0.9436980541486859,normal
user_22,15.3836774256701,21.28802707524865,5.904349649578551,0,11,0,0,0.6481435288946202,normal
user_9,13.40392121672252,18.785949747546905,5.3820285308243845,0,13,0,0,0.8991202568437362,normal
user_19,3.098080569491728,8.027740389790004,4.929659820298277,5,4,1,0,0.5753329331456808,suspicious
user_37,16.7743547801799,22.854464110476826,6.080109330296926,1,13,1,0,0.6536209679823111,normal
user_39,10.128891253598507,14.750703225646424,4.621811972047917,0,9,1,0,0.6221079374438006,normal
user_6,15.143773835508295,21.45656955382199,6.312795718313695,1,14,0,9,0.5264482420884169,suspicious
user_48,12.15563985435091,13.867489215012558,1.7118493606616463,32,173,1,0,0.9860766240793728,suspicious
user_17,10.035382331824799,13.953247557987034,3.9178652261622338,0,6,0,0,0.8032481224158603,normal
user_47,13.519578693917659,17.950304678348008,4.43072598443035,2,12,1,0,0.7940430013576019,normal
user_12,11.583962685261662,13.451231109758861,1.8672684244972002,0,1,1,0,0.5861560909808919,normal
user_30,12.461831520261772,14.359310402180476,1.8974788819187056,0,5,1,0,0.9452446456105872,normal
user_34,8.277921448333721,10.396835598874382,2.118914150540661,0,7,1,0,0.5552261871138559,normal
user_46,13.64665588830068,21.672804577940887,8.026148689640205,0,10,0,0,0.6819893959141863,normal
user_32,13.596547235071556,19.70269100185093,6.1061437667793745,0,12,0,0,0.1196392679774331,normal
user_6,9.150389155519518,14.820416119877242,5.670026964357724,14,140,1,9,0.37307774270380006,suspicious
user_27,15.1170652191555,22.215676408352138,7.09861118919664,1,4,1,0,0.8168098034061594,normal
user_50,12.986214708645377,21.559004780089488,8.57279007144411,0,2,1,9,0.6906944252321735,suspicious
user_20,12.442841191332366,20.336046583140444,7.893205391808077,0,5,1,0,0.8509759673992976,normal
user_26,11.558529846590922,13.382571663371442,1.82404181678052,0,6,0,0,0.6484238720754181,normal
user_28,14.878555292625569,18.020300475440386,3.1417451828148177,1,18,0,0,0.6310071728543035,normal
user_35,16.4101623865689,18.225123684520803,1.8149612979519025,0,5,0,0,0.8088082011889379,normal
user_44,11.333893636843069,14.620376156843696,3.286482520000627,0,10,1,0,0.890545945721443,normal
user_33,13.484203156597491,20.890803438321086,7.406600281723594,1,10,0,0,0.5734110971148143,normal
user_30,8.55899071293498,16.80742659011107,8.248435877176092,1,5,1,0,0.8681144346774976,normal
user_30,16.245637993096707,17.36067139136528,1.1150333982685714,1,15,0,0,0.6257055398776663,normal
user_37,11.376329133866676,16.189919444422912,4.813590310556237,6,9,1,0,0.5188323262430052,normal
user_28,9.078025606427476,11.951286849707405,2.873261243279929,1,11,0,0,0.5744455081115741,normal
user_42,12.084877665937245,17.73288521355788,5.648007547620631,14,145,1,0,0.5422279166891529,normal
user_27,13.839970362386829,16.527940332378297,2.6879699699914665,22,178,1,0,0.9323103791652415,suspicious
user_36,15.467331808386742,0.2238005394354623,8.75646873104872,0,17,1,0,0.3531411544916694,normal
user_31,16.8295608368161,23.912129939503114,7.082569102687015,4,10,1,0,0.9932746560809511,normal
user_4,13.266373504435544,21.723274565109193,8.45690106067365,0,8,1,0,0.789514494355553,normal
user_28,17.640217269931778,0.13894212284839114,6.498724852916613,1,9,1,0,0.9217641939850694,normal
user_14,12.979762905984652,15.36710318420586,2.3873402782212088,25,122,1,0,0.3160981826890895,suspicious
user_1,15.07082255517657,18.514717633683972,3.443895078507402,2,10,0,0,0.9009395532695704,normal
user_50,2.2970452754173607,10.77203262112385,8.47498734570649,1,11,0,0,0.7274523160789377,suspicious
user_47,11.508317741755665,17.254219990741362,5.745902248985699,44,92,0,0,0.5761845884076202,suspicious
user_6,13.718715966739655,18.706562937310135,4.987846970570479,0,15,1,0,0.736893210023879,normal
user_30,16.23260624771853,22.89637862986296,6.663772382144431,1,11,9,0,0.26661070547607785,suspicious
user_26,11.695697752710847,19.253599655793703,7.557901903082856,3,20,1,0,0.937893967571685,normal
user_35,11.103972111534802,19.508761316742493,8.40478920520769,48,107,1,0,0.7020024985047186,suspicious
user_50,9.14536032579262,14.982988948878104,5.837628623085484,4,8,1,0,0.9614295519905541,normal
user_19,16.082964319152182,21.3993165658094,5.316352246657216,2,12,0,0,0.5812184054132322,normal
user_6,22.394424680343025,0.7660265048337216,2.3716018244906962,7,8,1,0,0.7935193159521636,suspicious
user_44,14.401321214295244,21.016794692475308,6.615473478180062,0,8,1,0,0.734119329394435,normal
user_42,14.238782193694377,20.60649990572584,6.367717712031462,1,9,0,0,0.21941443868081698,normal
user_19,9.422767660069265,9.620446308133705,0.19767864806443958,3,14,0,0,0.9896213519953971,normal
user_8,13.558754437563667,21.922383909036625,8.363629471472958,1,5,0,0,0.5697448144978047,normal
user_40,10.398534836191665,11.444594364893355,1.046059528701691,0,13,1,0,0.5731053552603855,normal
user_25,3.6180088638387864,10.086336672942851,6.468327809104064,1,7,0,0,0.745348583297345,suspicious
user_2,22.500636614193485,2.1641177660345576,3.6634811518410704,4,13,1,0,0.7516573532359294,suspicious
user_30,10.88334683286553,12.358660499298512,1.4753136664329807,3,3,0,0,0.19202554387943233,normal
user_15,13.583291224848649,20.083856073198778,6.500564848350129,1,13,9,0,0.9078641458203696,suspicious
user_9,12.016761461129438,13.905942650746589,1.8891811896171502,2,15,0,0,0.8316919885040226,normal
user_9,17.481889999137955,21.88929098438126,4.407400985243308,3,4,0,0,0.9999880140747543,normal
user_26,13.165408842513559,18.415225528505154,5.249816685991595,3,15,0,0,0.7457820795551713,normal
user_36,9.634164005375373,17.85391050739082,8.21974650201545,34,62,8,0,0.8027608771067578,suspicious
user_17,0.0756245903939784,0.2700431077230607,0.19441851732908233,1,8,1,0,0.5694916931224716,suspicious
user_10,11.176312073143226,13.262241886306384,2.0859298131631583,32,112,10,0,0.9353889036041338,suspicious
user_36,16.605086253023043,19.483785040928794,2.878698787905752,1,8,1,0,0.5972074342734366,normal
user_41,17.5897280089033,21.9212382008851,4.331510191981798,1,20,1,0,0.6861396898367431,normal
user_5,15.651769502352098,19.0001008262081,3.3483313238560033,6,9,0,0,0.14090967780689054,normal
user_22,14.130388262467504,16.101149463265735,1.9707612007982318,31,129,0,0,0.7729103967096799,suspicious
user_12,23.062747622900943,3.186598767877406,4.123851144976465,0,13,0,0,0.20363432195287545,suspicious
user_50,13.700666653959665,22.12526498674768,8.424598332788017,0,15,1,0,0.7470307264211816,normal
user_4,13.943463861906887,20.53988813472725,6.596424272820363,7,2,1,0,0.7748791987940418,normal
user_12,12.04929296930284,15.792015242646723,3.742722273343883,1,18,0,0,0.3032973443123175,normal
user_14,12.296820722968446,16.94118150645787,4.644360783489423,2,15,0,0,0.6032091958962695,normal
user_34,17.64547536425507,17.972613588607693,0.32713822435262363,1,14,0,0,0.7730462901539898,normal
user_28,12.250974505188177,12.700555107345233,0.44958060215705664,5,11,1,0,0.793703830744888,normal
user_27,9.125521168251181,9.594826364831922,0.46930519658074155,0,5,1,0,0.8119315913009244,normal
user_24,11.463127441494057,18.428350994193032,6.965223552698975,1,20,1,0,0.9483706674163954,normal
user_16,16.817629796631483,6.8421131378515945,14.024483341220112,8,23,1,0,0.9173770834596889,normal
user_39,11.056092976382963,15.386555689247384,4.3304627128644215,0,14,0,0,0.8295158535137706,normal
user_22,12.949786970904617,19.67628141427094,6.726494443366322,2,4,1,0,0.9653653148696149,normal
user_24,13.951924896774816,17.199473851963305,3.2475489551884884,1,4,0,0,0.6402228477931666,normal
user_49,15.513682345865865,19.007085287864097,3.493402941998233,1,15,0,0,0.6545207106973652,normal
user_40,22.511099174266114,2.0222939546164156,3.5111947803503005,0,13,1,0,0.9538114825553228,suspicious
user_42,13.727560749473994,5.64205034187075,15.914489592396754,3,9,1,0,0.6578489359895097,normal
user_33,10.76999508720041,19.42613188757714,8.656136800376729,3,8,1,0,0.6600154082037147,normal
user_16,10.220797772562879,12.735223031926772,2.514425259363893,2,11,0,0,0.7197394989580421,normal
user_33,9.982302883079376,15.850933914576075,5.8686310314967,39,159,1,0,0.2817145706508159,suspicious
user_31,0.8100498641218912,5.813484646680177,5.003434782558286,0,6,0,0,0.6903469090069649,suspicious
user_41,14.566626838880254,16.807463728409346,2.24083688952909,0,7,1,0,0.7497796221668113,normal
user_47,23.56925928238337,5.89765760647478,6.328398324091411,46,79,1,0,0.6237340609427215,suspicious
user_39,22.014320965478284,1.6336364014559877,3.619315435977705,0,5,0,0,0.13207654747205383,suspicious
user_10,8.189284392311729,12.616266673429404,4.426982281117675,0,12,0,0,0.9515726083885236,normal
user_38,16.730756715546867,18.45356815651239,1.7228114409655237,0,13,0,0,0.6490627371447946,normal
user_17,10.638149289937484,16.561708429773226,5.92355913983574,1,13,0,0,0.6060891206127803,normal
user_13,11.294651853374582,2.6011364476129977,15.306484594238416,6,13,1,0,0.5938640356421339,normal
user_15,9.372744447576597,15.600279348234393,6.227534900657796,1,9,0,0,0.9777470052714583,normal
user_32,9.943902982262683,15.89073692432417,5.9468339420614855,3,12,1,0,0.8985018992669339,normal
user_29,15.77458596760672,16.019366053047122,0.2447800854404012,5,21,0,0,0.5981467503839364,normal
user_49,11.852797226382982,12.06879914630796,0.2160019199249776,1,9,0,0,0.17565618803917948,normal
user_27,22.103889537946145,3.4843589677175224,5.380469429771377,0,7,1,0,0.5647519809366208,suspicious
user_6,1.3799617423905297,9.242945012035822,7.862983269645293,3,2,0,0,0.969072919477067,suspicious
user_19,9.619016982628562,23.47520935069238,13.856192368063818,1,19,1,0,0.7248215162635926,normal
user_39,10.986907533042702,16.756696730678136,5.769789197635433,1,10,1,0,0.7539560941415756,normal
user_27,0.8458340250232338,8.77981759676382,7.933983571740587,0,8,0,0,0.1814231757821011,suspicious
user_25,9.91172822884485,13.384474432863328,3.4727462040184776,3,4,1,0,0.8339759082950464,normal
user_37,13.248274578237039,17.695628020255096,4.447353442018057,2,0,1,0,0.5137779859288673,normal
user_42,10.18484153420523,15.828961654766333,5.644120120561103,6,6,1,0,0.8798723147564622,normal
user_14,16.294755968963194,16.587399969893404,0.2926440009302094,4,16,0,0,0.8968119368578058,normal
user_17,10.025988952648422,17.06178777855512,7.035798825906699,0,6,0,0,0.963957369187666,normal
user_27,11.738417531829324,16.329920268503244,4.591502736673919,7,8,0,0,0.8467411118468557,normal
user_50,23.032690760218014,5.397911317952321,6.365220557734306,0,12,0,0,0.6487043983075544,suspicious
user_19,14.79563105917976,18.63481169840002,3.8391806392202614,0,17,0,0,0.71411593375899,normal
user_42,15.51634411077053,23.22899864343657,7.712654532666038,1,11,1,5,0.8675497439339503,normal
user_37,13.973934980987774,15.805914331856735,1.831979350868961,0,13,1,0,0.5382256828858293,normal
user_23,3.419615843552453,5.942808652025858,2.5231928084734045,2,17,1,0,0.845567834206324,suspicious
user_29,14.553261458218248,15.84992699423304,1.2966655360147925,1,12,1,0,0.7177753323635814,normal
user_4,4.66278279618065,11.152066548873393,6.489283752692742,2,16,0,0,0.7772757191415351,suspicious
user_25,22.852963899902576,4.358308224307471,5.505344324404893,0,13,1,8,0.6078078086269888,suspicious
user_41,8.755033186700086,13.124307513573427,4.369274326873341,1,8,1,3,0.8435705148579876,normal
user_10,16.345933792170847,18.69054915644371,2.3446153642728618,39,54,1,0,0.6933662690673109,suspicious
user_28,16.372306553704995,4.497832953699351,12.125526399994358,1,7,1,0,0.902072947856808,normal
user_18,14.109992013897061,20.0147309323823,5.904738918485237,0,14,0,0,0.6000975839838072,normal
user_25,8.031112439874846,9.347759684128615,1.3166472442537698,1,7,1,0,0.7544758070388107,normal
user_48,17.63056777216545,20.77267806423007,3.142110292064623,2,4,0,0,0.934992346522494,normal
user_40,17.41023019490511,19.831572914161676,2.4213427192565655,2,12,0,0,0.8095029148633015,normal
user_30,10.134964013714448,16.593682694620604,6.4587186809061565,0,10,1,0,0.9359695641301773,normal
user_22,22.593002693933933,1.1116481075248217,2.518645413590889,2,9,1,0,0.7256959162795171,suspicious
user_45,13.620072991841578,16.559481441335684,2.939408449494106,0,2,1,0,0.8930142829866605,normal
user_43,10.856837407013925,17.43298824440415,6.576150837390227,0,14,1,0,0.93620843319843,normal
user_39,13.478517669883225,15.737871231054289,2.2593535611710642,2,12,0,0,0.6371614073421918,normal
user_49,9.725976237750677,16.20623289920081,6.480256661450134,1,6,0,6,0.516708182394202,suspicious
user_18,14.247702100756248,3.385592411872885,13.137890311116639,1,20,1,0,0.7982717343383959,normal
user_1,12.509131716915187,18.162660174512816,5.653528457597631,0,18,0,0,0.7103938398243917,normal
user_48,8.99871563375124,13.545279836408294,4.546564202657053,1,10,1,0,0.5915085717986752,normal
user_39,15.306244415718869,17.631180217773704,2.324935802054833,0,13,1,0,0.8647052084534693,normal
user_13,11.334946161965906,17.30518890416008,5.9702427421941735,4,8,0,0,0.5331362615010027,normal
user_23,16.242388445630976,23.047786384256856,6.80539793862588,0,14,1,0,0.927662943866352,normal
user_44,11.022301709896109,14.181975898175764,3.159674188279655,2,9,0,0,0.16185403182308078,normal
user_44,12.36211617763352,16.47565554954207,4.113539371908549,0,2,0,0,0.6689502213548183,normal
user_24,9.613882179187696,13.285680040567472,3.671797861379776,0,9,1,0,0.18125615487551514,normal
user_2,13.80750424892788,21.978727986656637,8.171223737728756,0,9,0,0,0.9931081536055208,normal
user_10,14.430339200809872,18.276049323353707,3.845710122543835,3,10,1,0,0.2818435504799032,normal
user_45,13.203087438139573,15.352078566558072,2.1489911284184995,1,8,1,0,0.7420037723634376,normal
user_45,16.707946798609647,17.79585565171777,1.0879088531081225,1,3,1,0,0.5610118380426358,normal
user_16,13.524149264933364,16.84191206199737,3.317762797064005,5,12,1,0,0.7445744636917567,normal
user_1,12.909412608068568,20.59391562118875,7.68450301312018,1,4,0,0,0.9077459509478704,normal
user_2,12.557343100973977,20.83607747215329,8.278734371179311,0,9,0,0,0.8130371280037947,normal
user_21,12.85686142750885,18.775539811844812,5.918678384335961,2,7,1,4,0.6754201830030659,normal
user_41,11.37735853697405,11.853592326217303,0.4762337892432531,6,8,1,0,0.1214750124614224,normal
user_48,13.789685133656793,22.111021114872727,8.321335981215935,0,6,1,0,0.9410451718282908,normal
user_23,9.21855899451026,17.15890110222767,7.940342107717409,1,10,0,0,0.8850678577921626,normal
user_10,14.118695436342954,16.940659043591808,2.821963607248853,0,8,1,0,0.6100444206391455,normal
user_16,15.546153001095137,6.698052348418017,15.151899347322882,5,9,1,0,0.0367182634642925,normal
user_45,15.73703344441758,19.469349486799686,3.7323160423821067,2,10,1,0,0.5248022882985202,normal
user_12,13.248363585601028,13.487047914013695,0.238684328412667,19,150,0,0,0.9688316487087338,suspicious
user_40,2.248230514257033,4.918443328169931,2.670212813912898,1,0,1,0,0.6826936365332603,suspicious
user_23,22.334768657948626,2.2805451035521784,3.9457764456035527,0,0,1,0,0.9894851596560391,suspicious
user_45,9.291207491538469,13.965648072901498,4.6744405813630285,0,15,1,0,0.7010053579765418,normal
user_30,10.52381595379596,12.779291220120365,2.255475266324405,14,12,1,0,0.9694837507637493,normal
user_33,14.52545953604757,22.03385804592408,7.508398509876511,0,9,0,0,0.7966089655065134,normal
user_49,22.84539007029857,2.613941710125019,3.768551639826449,3,0,1,0,0.5376665023513302,suspicious
user_13,9.500731995453835,13.67781129665628,4.177079301202446,2,6,0,0,0.7316069358487594,normal
user_7,9.558087081065993,17.70817918886192,8.150092107795928,13,191,1,0,0.800218591024157,normal
user_27,12.74675128269331,20.726391404563692,7.97964012187038,2,4,3,0,0.8554197404500774,suspicious
user_17,16.047443534243467,20.284271946967557,4.236828412724091,1,14,1,6,0.5893805259622713,suspicious
user_33,13.727119235168576,22.594670805462087,8.867551570293513,2,16,0,0,0.27911892422379037,normal
user_33,15.175380074248832,15.541787723719274,0.3664076494704428,2,10,1,0,0.9665090174523411,normal
user_2,9.153181471116921,17.89788348234655,8.744702011229627,3,1,1,0,0.6043183801008951,normal
user_25,23.499574107031428,8.403370609040266,8.903796502008841,2,8,0,0,0.09375738296928682,suspicious
user_18,13.589480945850894,2.03121949394135,12.441738548090454,0,8,0,0,0.9524915611047529,normal
user_30,9.607696567852127,11.667070774935432,2.059374207083305,2,15,6,0,0.08038516788076554,suspicious
user_37,9.335987333101631,10.844572959410193,1.5085856263085624,0,11,0,8,0.6364482021948017,suspicious
user_26,12.479244119002654,21.052917780971754,8.573673661969101,4,4,1,0,0.9085938565133256,normal
user_42,16.880963008804805,23.32743627445746,6.446473265652658,19,111,0,0,0.7220876333892426,suspicious
user_35,11.788704339420612,18.135305204842766,6.346600865422155,0,25,1,0,0.8133252518111429,normal
user_9,16.426340092938027,17.5498783045276,1.1235382115895725,2,1,1,0,0.32103969924267856,normal
user_6,11.679866584760056,15.648103430429524,3.968236845669468,1,8,1,0,0.7311957593526035,normal
user_14,12.4367667708141,15.316569568477043,2.8798027976629443,0,11,1,0,0.7163561425153103,normal
user_22,0.9876595787331588,5.92272779539992,4.935068216666761,8,5,0,0,0.875788534073621,suspicious
user_48,9.744960568523652,14.60801556099194,4.86305499246829,1,10,0,0,0.9905617321989378,normal
user_13,8.311564299589332,9.822993780814535,1.5114294812252025,1,15,0,0,0.692461391102051,normal
user_44,8.032867716561602,14.763032530082292,6.730164813520689,0,11,1,0,0.9252291763974019,normal
user_2,8.875349190584373,12.88866042331127,4.013311232726897,0,11,0,6,0.5134321855036621,suspicious
user_25,16.827205491754818,1.1681414048227126,8.340935913067897,3,0,1,0,0.5007790080713022,normal
user_47,12.378687675585708,0.8263426234544653,12.44765494786876,0,5,1,0,0.806576066287118,normal
user_30,11.677116105524938,13.524057611394966,1.8469415058700287,0,-1,0,0,0.5556507918081087,normal
user_1,11.299936339994211,12.75763182007408,1.4576954800798685,0,17,1,0,0.6288916040043186,normal
user_49,13.708923156470679,15.76720490968043,2.0582817532097515,4,4,1,0,0.8366813961604123,normal
user_37,9.953630642688692,18.011064325699586,8.057433683010895,5,2,1,0,0.3682207814387505,normal
user_42,13.850677375028411,14.153274339677493,0.3025969646490826,0,7,6,4,0.5603951766977273,suspicious
user_37,11.961650737299244,19.378266193386857,7.416615456087612,4,9,1,0,0.5296527952993622,normal
user_14,8.641084377376336,14.620816134351355,5.979731756975018,0,13,1,0,0.9050168474131819,normal
user_25,15.531861523754,18.244394046775533,2.7125325230215322,1,8,1,0,0.9664958750952064,normal
user_31,14.938678517958245,15.149869763565912,0.2111912456076666,2,5,1,5,0.5298414153341597,normal
user_21,11.001516617236184,14.93225159046142,3.930734973225234,0,6,0,0,0.6546192901781094,normal
user_41,16.342662713404735,16.726951390967717,0.38428867756298113,0,9,0,0,0.9885193497999535,normal
user_45,16.750125586603673,6.266216908078729,13.516091321475056,2,13,0,0,0.8395289657601477,normal
user_46,10.581028210808398,12.761615797752267,2.180587586943868,2,-1,0,0,0.9406990903114164,normal
user_32,10.494078747683833,10.689408105473422,0.19532935778958854,0,3,1,0,0.6834611234412392,normal
user_34,14.43752620995696,18.026859125735296,3.5893329157783347,0,8,0,0,0.7270745396445425,normal
user_13,12.668805500056992,19.932861317650392,7.2640558175934,1,10,0,0,0.9126983259888088,normal
user_48,17.66198084287899,0.057934972822245356,6.395954129943258,1,14,0,0,0.9171123913757698,normal
user_18,1.9402511577716526,10.878964827966808,8.938713670195156,0,21,1,0,0.6579397692607972,suspicious
user_17,9.14390510016099,16.314612947237336,7.170707847076347,8,8,1,0,0.58750644001824,normal
user_44,17.40591245625051,20.274550400896658,2.8686379446461485,1,11,1,0,0.6432230248781885,normal
user_22,16.910030654423444,23.954572312570274,7.044541658146829,1,12,1,0,0.9979365354933863,normal
user_14,9.572447378592209,12.607841570265562,3.035394191673353,0,28,0,0,0.7290195470825707,normal
user_19,10.478144254905125,2.025262020133212,15.547117765228085,4,9,1,0,0.5305980771872914,normal
user_3,12.309911410640861,19.092521620118678,6.782610209477816,0,2,1,0,0.7071885899903572,normal
user_4,9.376765315699942,13.459649053660263,4.082883737960321,0,12,0,0,0.9960994014403517,normal
user_49,8.14198531365133,13.265302684066524,5.123317370415194,1,16,1,0,0.6143845017374946,normal
user_50,13.756725429843215,18.813649816251278,5.056924386408063,0,9,0,0,0.9117081565618816,normal
user_34,16.257688160113382,18.201226091452632,1.9435379313392493,49,191,0,0,0.7832551827965788,suspicious
user_49,16.986376107256298,21.027648286134088,4.04127217887779,28,117,1,0,0.8062928854219421,suspicious
user_45,13.278785184278739,19.671480301331364,6.392695117052624,6,14,0,0,0.8082108011669026,normal
user_46,15.840080000252257,19.37782364037539,3.537743640123132,0,6,0,0,0.8863930522246247,normal
user_27,9.40296465632187,9.531840426958063,0.1288757706361924,0,13,0,0,0.2966301833227729,normal
user_10,10.249413341835508,14.408594931100339,4.159181589264831,0,12,1,0,0.8844693700857801,normal
user_11,11.17683402900385,18.184203310133103,7.007369281129255,2,14,0,0,0.654730480105643,normal
user_34,11.446611281414373,18.2668328263932,6.820221544978825,0,9,0,5,0.6499147814068449,normal
user_18,22.630144914884553,3.435088534455115,4.804943619570563,0,9,1,0,0.9431382152479452,suspicious
user_47,16.79848970334877,21.697869223699612,4.899379520350843,8,8,0,0,0.7822639818690656,normal
user_9,17.157492164079798,20.956340653349823,3.798848489270026,14,61,10,0,0.7702890149644701,suspicious
user_12,9.852119623780283,15.300852803854827,5.448733180074545,1,9,1,0,0.7811928553252632,normal
user_18,13.298147407096089,16.399265830969824,3.1011184238737375,0,11,1,0,0.6098219163350338,normal
user_1,17.260077960406136,22.44144032354566,5.181362363139523,18,78,0,0,0.6055984365476448,suspicious
user_7,12.40130825521096,12.875451684352532,0.4741434291415725,0,8,0,0,0.5062194613583171,normal
user_47,13.420577215291072,17.995454702993687,4.574877487702616,0,18,0,0,0.5889723549303998,normal
user_41,9.770495348156189,11.184767212405724,1.4142718642495344,0,7,0,0,0.8509082981511213,normal
user_34,17.98997319067076,20.460915771455984,2.4709425807852234,1,16,1,8,0.6604849646961646,suspicious
user_37,9.81268861700968,15.563377393504966,5.750688776495286,0,2,0,0,0.6533712501700983,normal
user_32,11.7710490138917,18.286858498103854,6.515809484212152,0,13,0,0,0.7478972668632492,normal
user_14,13.280010972539468,14.605964044719713,1.325953072180245,1,24,0,0,0.9122156822058618,normal
user_39,13.388983571804221,16.922351452843863,3.5333678810396396,1,7,5,0,0.54890633904725,suspicious
user_28,17.51903186091048,21.806813113762523,4.287781252852044,3,1,0,0,0.9534303816381394,normal
user_49,14.17631703962445,5.873329250773278,15.697012211148827,9,11,7,0,0.7747061137890858,suspicious
user_18,10.590916453415112,16.98245659022307,6.391540136807958,0,13,0,0,0.8169238242400303,normal
user_32,11.196740703397873,0.2832045972274315,13.086463893829556,0,7,8,3,0.8359297018911089,suspicious
user_20,16.131904569635537,20.740412247089548,4.608507677454011,1,10,1,5,0.630597581967643,normal
user_8,12.486513686557409,18.66872494811837,6.182211261560961,0,13,4,0,0.8750102637137662,suspicious
user_38,12.165992536217937,15.708969845196858,3.5429773089789203,1,7,0,0,0.7476182758294009,normal
user_48,17.503774266814048,23.158923112263174,5.655148845449126,2,7,1,0,0.5341904795935799,normal
user_37,11.579297393891954,16.68650292694965,5.107205533057696,0,7,1,0,0.8006838194721515,normal
user_6,14.139160781021733,15.625200103989332,1.4860393229675983,1,16,1,7,0.5435619534323404,suspicious
user_8,14.939117964627798,15.045295777258652,0.10617781263085423,8,7,0,0,0.7811341860649599,normal
user_48,8.501454075971777,9.663247073323053,1.1617929973512746,0,16,0,0,0.7080622749997323,normal
user_33,10.611976261400365,14.159752949207299,3.547776687806933,2,8,1,0,0.8130459427080423,normal
user_48,12.734380763486229,17.981023819191687,5.246643055705458,3,13,1,0,0.6057741505064934,normal
user_23,14.077648256540655,17.91963842151839,3.8419901649777337,0,14,8,6,0.9339639055701004,suspicious
user_28,23.658168200690117,2.6509295664655212,2.9927613657754035,3,10,0,0,0.6107125290019435,suspicious
user_24,12.819699658146476,17.448057561551867,4.628357903405392,5,3,1,0,0.7760437221708674,normal
user_39,22.369420490750574,3.6843743492191017,5.314953858468528,4,9,0,0,0.8481998129028392,suspicious
user_19,11.15239156749917,18.821991894361197,7.669600326862027,3,5,1,0,0.8071448414862061,normal
user_6,16.5585661401919,17.824541283672733,1.2659751434808326,3,10,1,5,0.5755281001568416,normal
user_18,13.016076425102256,16.25466669659851,3.2385902714962533,0,10,0,0,0.6875469154450686,normal
user_18,14.221948712218415,21.889885668314204,7.667936956095788,1,11,1,7,0.29809436568373066,suspicious
user_44,14.77829663456099,19.474578057112062,4.696281422551071,1,13,0,0,0.9522436325130741,normal
user_49,8.94648930328445,15.13959860612119,6.19310930283674,1,0,0,0,0.6339997027097808,normal
user_9,14.64453080373928,22.170746416099785,7.526215612360506,0,7,4,0,0.8512801358374653,suspicious
user_36,16.0122769292754,0.6086821098226523,8.59640518054725,2,5,1,0,0.675013167653514,normal
user_21,10.395084203333898,18.690023392811785,8.294939189477887,3,17,10,0,0.7017750949739783,suspicious
user_20,17.909098053149872,20.35230943490002,2.4432113817501486,0,9,1,0,0.8080872156752394,normal
user_50,22.804765180723933,0.6689233445322245,1.8641581638082902,36,156,1,0,0.9942900204317707,suspicious
user_28,12.121463916334385,14.845346016155665,2.72388209982128,46,139,8,0,0.7621447866999511,suspicious
user_32,10.374912572307355,17.866319225462753,7.491406653155399,0,14,1,0,0.9635645588047772,normal
user_48,12.029937375178127,19.466156153110205,7.436218777932077,0,3,0,0,0.8170382340509375,normal
user_14,17.019207121284495,0.33917714472812577,7.31997002344363,3,11,0,0,0.6729552568702775,normal
user_40,4.057535712196034,12.896478080992402,8.838942368796367,2,10,0,3,0.8170813133320526,suspicious
user_24,8.798930327735153,13.428917956368327,4.629987628633173,0,18,1,0,0.5610146251563168,normal
